card_no,card_name,type,brand,category,rarity,series,volume,promo,image_url,qr_url
01-01,オーロラキスキャミソール,キュート,エンジェリーシュガー,トップス,,2013,1,,https://card.aikatsu.net/cardlist/images/cardlist/cardimg/01-01.png,http://aikatsu.com/qr/id=E1qdt7TTdTHX
01-02,アイスブルーフリルキャミソール,キュート,エンジェリーシュガー,トップス,,2013,1,,https://card.aikatsu.net/cardlist/images/cardlist/cardimg/01-02.png,http://aikatsu.com/qr/id=yoX2wIuTbKhH
01-03,パフスリーブレモンカラーボレロ,キュート,,トップス,,2013,1,,https://card.aikatsu.net/cardlist/images/cardlist/cardimg/01-03.png,http://aikatsu.com/qr/id=MsZBy8tS8oEl
01-04,ピンクリボンつきフリルシャツ,キュート,,トップス,,2013,1,,https://card.aikatsu.net/cardlist/images/cardlist/cardimg/01-04.png,http://aikatsu.com/qr/id=ADlCJkyTSEDB
01-05,ミントシフォントップス,キュート,,トップス,,2013,1,,https://card.aikatsu.net/cardlist/images/cardlist/cardimg/01-05.png,http://aikatsu.com/qr/id=4swRYvGMsjAk
01-06,ピンクステージベスト,キュート,,トップス,,2013,1,,https://card.aikatsu.net/cardlist/images/cardlist/cardimg/01-06.png,http://aikatsu.com/qr/id=5Vf6YiMxcz8C
01-07,オーロラキスドレープスカート,キュート,エンジェリーシュガー,ボトムス,,2013,1,,https://card.aikatsu.net/cardlist/images/cardlist/cardimg/01-07.png,http://aikatsu.com/qr/id=2EtGsA1gloAO
01-08,アイスブルーフリルパニエ,キュート,エンジェリーシュガー,ボトムス,,2013,1,,https://card.aikatsu.net/cardlist/images/cardlist/cardimg/01-08.png,http://aikatsu.com/qr/id=aEibtIVNhmWm
01-09,ラベンダーフリルスカート,キュート,,ボトムス,,2013,1,,https://card.aikatsu.net/cardlist/images/cardlist/cardimg/01-09.png,http://aikatsu.com/qr/id=i7FUWWatUKrk
01-10,ピンクギャザーフレアスカート,キュート,,ボトムス,,2013,1,,https://card.aikatsu.net/cardlist/images/cardlist/cardimg/01-10.png,http://aikatsu.com/qr/id=4rwJ79KnJLRZ
01-11,花柄ショートパンツ,キュート,,ボトムス,,2013,1,,https://card.aikatsu.net/cardlist/images/cardlist/cardimg/01-11.png,http://aikatsu.com/qr/id=CwQpHtNCt0uH
01-12,ピンクステージスカート,キュート,,ボトムス,,2013,1,,https://card.aikatsu.net/cardlist/images/cardlist/cardimg/01-12.png,http://aikatsu.com/qr/id=E14qSMK82xCw
01-13,小花柄イエローワンピ,キュート,エンジェリーシュガー,トップス&ボトムス,,2013,1,,https://card.aikatsu.net/cardlist/images/cardlist/cardimg/01-13.png,http://aikatsu.com/qr/id=eifC1O9IXEpz
01-14,オーロラキスバレエシューズ,キュート,エンジェリーシュガー,シューズ,,2013,1,,https://card.aikatsu.net/cardlist/images/cardlist/cardimg/01-14.png,http://aikatsu.com/qr/id=TJwMwICC292G
01-15,アイスブルーシューズ,キュート,エンジェリーシュガー,シューズ,,2013,1,,https://card.aikatsu.net/cardlist/images/cardlist/cardimg/01-15.png,http://aikatsu.com/qr/id=q40l1L6wGEdr
01-16,イエロー編み上げブーツ,キュート,,シューズ,,2013,1,,https://card.aikatsu.net/cardlist/images/cardlist/cardimg/01-16.png,http://aikatsu.com/qr/id=rprBvACERTRC
01-17,折り返しピンクショートブーツ,キュート,,シューズ,,2013,1,,https://card.aikatsu.net/cardlist/images/cardlist/cardimg/01-17.png,http://aikatsu.com/qr/id=l1J8UmsZDiYB
01-18,ピンクステージシューズ,キュート,,シューズ,,2013,1,,https://card.aikatsu.net/cardlist/images/cardlist/cardimg/01-18.png,http://aikatsu.com/qr/id=0rfSp2YFcIss
01-19,天の川コズミックワンショルダー,クール,フューチャリングガール,トップス,,2013,1,,https://card.aikatsu.net/cardlist/images/cardlist/cardimg/01-19.png,http://aikatsu.com/qr/id=AV9ZiLv4vwLi
01-20,ブラックモダンボレロ,クール,フューチャリングガール,トップス,,2013,1,,https://card.aikatsu.net/cardlist/images/cardlist/cardimg/01-20.png,http://aikatsu.com/qr/id=f2mMHVMFIrOJ
01-21,ブラックストライプジャケット,クール,,トップス,,2013,1,,https://card.aikatsu.net/cardlist/images/cardlist/cardimg/01-21.png,http://aikatsu.com/qr/id=Crk4tpuXLUDj
01-22,レインボープリントシャツ,クール,,トップス,,2013,1,,https://card.aikatsu.net/cardlist/images/cardlist/cardimg/01-22.png,http://aikatsu.com/qr/id=I4ZF29tCKE1l
01-23,ブルーステージブラウス,クール,,トップス,,2013,1,,https://card.aikatsu.net/cardlist/images/cardlist/cardimg/01-23.png,http://aikatsu.com/qr/id=yrGBHoMDAmRO
01-24,天の川コズミックスカート,クール,フューチャリングガール,ボトムス,,2013,1,,https://card.aikatsu.net/cardlist/images/cardlist/cardimg/01-24.png,http://aikatsu.com/qr/id=z1WJheDkg69W
01-25,"ブラックフューチャー
エナメルショートパンツ",クール,フューチャリングガール,ボトムス,,2013,1,,https://card.aikatsu.net/cardlist/images/cardlist/cardimg/01-25.png,http://aikatsu.com/qr/id=E4ecyb6bmY4Z
01-26,ダイヤモンドチェックスカート,クール,,ボトムス,,2013,1,,https://card.aikatsu.net/cardlist/images/cardlist/cardimg/01-26.png,http://aikatsu.com/qr/id=CEdir8FFyupj
01-27,ブラックスキニーパンツ,クール,,ボトムス,,2013,1,,https://card.aikatsu.net/cardlist/images/cardlist/cardimg/01-27.png,http://aikatsu.com/qr/id=TDIzr6wiQwgE
01-28,ブルーステージスカート,クール,,ボトムス,,2013,1,,https://card.aikatsu.net/cardlist/images/cardlist/cardimg/01-28.png,http://aikatsu.com/qr/id=Cp5YtiHmtUy8
01-29,プリズムサイバーグラフィックワンピ,クール,フューチャリングガール,トップス&ボトムス,,2013,1,,https://card.aikatsu.net/cardlist/images/cardlist/cardimg/01-29.png,http://aikatsu.com/qr/id=ioTDwsBRT0cZ
01-30,天の川コズミックーブーツ,クール,フューチャリングガール,シューズ,,2013,1,,https://card.aikatsu.net/cardlist/images/cardlist/cardimg/01-30.png,http://aikatsu.com/qr/id=mJPFqNFOAoF7
01-31,ブラックフューチャーブーツ,クール,フューチャリングガール,シューズ,,2013,1,,https://card.aikatsu.net/cardlist/images/cardlist/cardimg/01-31.png,http://aikatsu.com/qr/id=7h9CSjFHWsFi
01-32,ブルーニーハイブーツ,クール,,シューズ,,2013,1,,https://card.aikatsu.net/cardlist/images/cardlist/cardimg/01-32.png,http://aikatsu.com/qr/id=i7k3ppBn8PeF
01-33,ブルーストラップシューズ,クール,,シューズ,,2013,1,,https://card.aikatsu.net/cardlist/images/cardlist/cardimg/01-33.png,http://aikatsu.com/qr/id=awT9HszjbwSa
01-34,ブルーステージブーツ,クール,,シューズ,,2013,1,,https://card.aikatsu.net/cardlist/images/cardlist/cardimg/01-34.png,http://aikatsu.com/qr/id=as8fHiQJ8pVB
01-35,アゲハロゴフリルトップス,セクシー,スパイシーアゲハ,トップス,,2013,1,,https://card.aikatsu.net/cardlist/images/cardlist/cardimg/01-35.png,http://aikatsu.com/qr/id=BoTgl3AdPiX1
01-36,プッチがらシャイニングトップス,セクシー,,トップス,,2013,1,,https://card.aikatsu.net/cardlist/images/cardlist/cardimg/01-36.png,http://aikatsu.com/qr/id=LVcI4T3hKLVN
01-37,セクシーロゴチューブトップ,セクシー,,トップス,,2013,1,,https://card.aikatsu.net/cardlist/images/cardlist/cardimg/01-37.png,http://aikatsu.com/qr/id=2DuXWwbSKnrd
01-38,パープルステージトップス,セクシー,,トップス,,2013,1,,https://card.aikatsu.net/cardlist/images/cardlist/cardimg/01-38.png,http://aikatsu.com/qr/id=miKEcQx453Bx
01-39,アゲハファーつきスカート,セクシー,スパイシーアゲハ,ボトムス,,2013,1,,https://card.aikatsu.net/cardlist/images/cardlist/cardimg/01-39.png,http://aikatsu.com/qr/id=ORjmsEQcdlsm
01-40,ブラックウォッシュデニムミニ,セクシー,,ボトムス,,2013,1,,https://card.aikatsu.net/cardlist/images/cardlist/cardimg/01-40.png,http://aikatsu.com/qr/id=CwUevsDPTeE3
01-41,ベルトつきレザースカート,セクシー,,ボトムス,,2013,1,,https://card.aikatsu.net/cardlist/images/cardlist/cardimg/01-41.png,http://aikatsu.com/qr/id=EJP7u1e1ouzx
01-42,パープルステージスカート,セクシー,,ボトムス,,2013,1,,https://card.aikatsu.net/cardlist/images/cardlist/cardimg/01-42.png,http://aikatsu.com/qr/id=Kp8hAlAEPcq3
01-43,パープルジュエリーワンピ,セクシー,スパイシーアゲハ,トップス&ボトムス,,2013,1,,https://card.aikatsu.net/cardlist/images/cardlist/cardimg/01-43.png,http://aikatsu.com/qr/id=CsEkv7GSx9IO
01-44,アゲハレッドコクーンワンピ,セクシー,スパイシーアゲハ,トップス&ボトムス,,2013,1,,https://card.aikatsu.net/cardlist/images/cardlist/cardimg/01-44.png,http://aikatsu.com/qr/id=UJHnw4JdTEXJ
01-45,アゲハレッドミュール,セクシー,スパイシーアゲハ,シューズ,,2013,1,,https://card.aikatsu.net/cardlist/images/cardlist/cardimg/01-45.png,http://aikatsu.com/qr/id=SpZO7TxCFs1J
01-46,サイハイレザーブーツ,セクシー,,シューズ,,2013,1,,https://card.aikatsu.net/cardlist/images/cardlist/cardimg/01-46.png,http://aikatsu.com/qr/id=fJtGpYTp6iKD
01-47,ゴールドチェーングラディエーター,セクシー,スパイシーアゲハ,シューズ,,2013,1,,https://card.aikatsu.net/cardlist/images/cardlist/cardimg/01-47.png,http://aikatsu.com/qr/id=725sD7YbR0Y6
01-48,パープルステージニーハイパンプス,セクシー,,シューズ,,2013,1,,https://card.aikatsu.net/cardlist/images/cardlist/cardimg/01-48.png,http://aikatsu.com/qr/id=eEccDvDCkYJH
01-49,ブラックシフォンカチューシャ,,,アクセサリー,,2013,1,,https://card.aikatsu.net/cardlist/images/cardlist/cardimg/01-49.png,http://aikatsu.com/qr/id=ys3MtpQaMFpB
01-50,天の川コズミックカチューシャ,,,アクセサリー,,2013,1,,https://card.aikatsu.net/cardlist/images/cardlist/cardimg/01-50.png,http://aikatsu.com/qr/id=pDwuAO3Dj0aN
01-51,オーロラキスリボン,,,アクセサリー,,2013,1,,https://card.aikatsu.net/cardlist/images/cardlist/cardimg/01-51.png,http://aikatsu.com/qr/id=brVYthDQMUEt
01-52,ジュエルつきパープルリボン,,,アクセサリー,,2013,1,,https://card.aikatsu.net/cardlist/images/cardlist/cardimg/01-52.png,http://aikatsu.com/qr/id=3rK6xUa2WOR4
02-01,スカイレストランシャツ,キュート,エンジェリーシュガー,トップス,レア,2013,1302,FALSE,https://card.aikatsu.net/cardlist/images/cardlist/cardimg/02-01.png,http://aikatsu.com/qr/id=IV6J4FtMINbx
02-CP01,スイートレストランシャツ,キュート,エンジェリーシュガー,トップス,キャンペーンレア,2013,1302,FALSE,https://card.aikatsu.net/cardlist/images/cardlist/cardimg/02-CP01.png,
02-02,水色ギンガムブラウス,キュート,,トップス,ノーマル,2013,1302,FALSE,https://card.aikatsu.net/cardlist/images/cardlist/cardimg/02-02.png,http://aikatsu.com/qr/id=E2p0HJVegfOu
02-CP02,スイートレストランスカート,キュート,エンジェリーシュガー,ボトムス,キャンペーンレア,2013,1302,FALSE,https://card.aikatsu.net/cardlist/images/cardlist/cardimg/02-CP02.png,
02-03,ピンクドットオフショルダー,キュート,,トップス,ノーマル,2013,1302,FALSE,https://card.aikatsu.net/cardlist/images/cardlist/cardimg/02-03.png,http://aikatsu.com/qr/id=r7OocP8hZXh3
02-CP03,スイートレストランシューズ,キュート,エンジェリーシュガー,シューズ,キャンペーンレア,2013,1302,FALSE,https://card.aikatsu.net/cardlist/images/cardlist/cardimg/02-CP03.png,
02-04,スカイレストランスカート,キュート,エンジェリーシュガー,ボトムス,レア,2013,1302,FALSE,https://card.aikatsu.net/cardlist/images/cardlist/cardimg/02-04.png,http://aikatsu.com/qr/id=cEpL1grNFpxa
02-CP04,パイロットガールジャケット,クール,フューチャリングガール,トップス,キャンペーンレア,2013,1302,FALSE,https://card.aikatsu.net/cardlist/images/cardlist/cardimg/02-CP04.png,
02-05,ホワイトカプリパンツ,キュート,,ボトムス,ノーマル,2013,1302,FALSE,https://card.aikatsu.net/cardlist/images/cardlist/cardimg/02-05.png,http://aikatsu.com/qr/id=F7LEiOtoyjU8
02-CP05,パイロットガールスカート,クール,フューチャリングガール,ボトムス,キャンペーンレア,2013,1302,FALSE,https://card.aikatsu.net/cardlist/images/cardlist/cardimg/02-CP05.png,
02-06,ホワイトレーシースカート,キュート,,ボトムス,ノーマル,2013,1302,FALSE,https://card.aikatsu.net/cardlist/images/cardlist/cardimg/02-06.png,http://aikatsu.com/qr/id=B4Bto0jn8egH
02-CP06,パイロットガールブーツ,クール,フューチャリングガール,シューズ,キャンペーンレア,2013,1302,FALSE,https://card.aikatsu.net/cardlist/images/cardlist/cardimg/02-CP06.png,
02-07,スカイレストランシューズ,キュート,エンジェリーシュガー,シューズ,レア,2013,1302,FALSE,https://card.aikatsu.net/cardlist/images/cardlist/cardimg/02-07.png,http://aikatsu.com/qr/id=U1qbHeJbrPJB
02-CP07,グリッターバイオレットコルセット,セクシー,スパイシーアゲハ,トップス,キャンペーンレア,2013,1302,FALSE,https://card.aikatsu.net/cardlist/images/cardlist/cardimg/02-CP07.png,
02-08,ラベンダーリボンウエッジソール,キュート,,シューズ,ノーマル,2013,1302,FALSE,https://card.aikatsu.net/cardlist/images/cardlist/cardimg/02-08.png,http://aikatsu.com/qr/id=B2TEJa9eUeCt
02-CP08,グリッターバイオレットスカート,セクシー,スパイシーアゲハ,ボトムス,キャンペーンレア,2013,1302,FALSE,https://card.aikatsu.net/cardlist/images/cardlist/cardimg/02-CP08.png,
02-09,桜色ラウンドトゥシューズ,キュート,,シューズ,ノーマル,2013,1302,FALSE,https://card.aikatsu.net/cardlist/images/cardlist/cardimg/02-09.png,http://aikatsu.com/qr/id=CrnXhschTp0M
02-CP09,グリッターバイオレットサンダル,セクシー,スパイシーアゲハ,シューズ,キャンペーンレア,2013,1302,FALSE,https://card.aikatsu.net/cardlist/images/cardlist/cardimg/02-CP09.png,
02-10,ラベンダーティアードワンピース,キュート,,トップス&ボトムス,ノーマル,2013,1302,FALSE,https://card.aikatsu.net/cardlist/images/cardlist/cardimg/02-10.png,http://aikatsu.com/qr/id=CsfTqPtBysIl
02-CP10,ハッピーファンキーベスト,ポップ,ハッピーレインボー,トップス,キャンペーンレア,2013,1302,FALSE,https://card.aikatsu.net/cardlist/images/cardlist/cardimg/02-CP10.png,
02-11,ラッキーパイロットジャケット,クール,フューチャリングガール,トップス,レア,2013,1302,FALSE,https://card.aikatsu.net/cardlist/images/cardlist/cardimg/02-11.png,http://aikatsu.com/qr/id=ehcnteT7pP2d
02-CP11,ハッピーファンキースカート,ポップ,スパイシーアゲハ,ボトムス,キャンペーンレア,2013,1302,FALSE,https://card.aikatsu.net/cardlist/images/cardlist/cardimg/02-CP11.png,
02-12,ブラックライダースジャケット,クール,,トップス,ノーマル,2013,1302,FALSE,https://card.aikatsu.net/cardlist/images/cardlist/cardimg/02-12.png,http://aikatsu.com/qr/id=TwePRJ1D4iQ7
02-CP12,ハッピーファンキーブーツ,ポップ,ハッピーレインボー,シューズ,キャンペーンレア,2013,1302,FALSE,https://card.aikatsu.net/cardlist/images/cardlist/cardimg/02-CP12.png,
02-13,ホワイトサイバーノースリーブ,クール,,トップス,ノーマル,2013,1302,FALSE,https://card.aikatsu.net/cardlist/images/cardlist/cardimg/02-13.png,http://aikatsu.com/qr/id=aD46hsRdPm2M
02-14,テクノ風ジャージ,クール,,トップス,ノーマル,2013,1302,FALSE,https://card.aikatsu.net/cardlist/images/cardlist/cardimg/02-14.png,http://aikatsu.com/qr/id=F2VzusCNPkSX
02-15,ラッキーパイロットスカート,クール,フューチャリングガール,ボトムス,レア,2013,1302,FALSE,https://card.aikatsu.net/cardlist/images/cardlist/cardimg/02-15.png,http://aikatsu.com/qr/id=SVdnshjyXFwa
02-16,花柄モノトーンパギンス,クール,,ボトムス,ノーマル,2013,1302,FALSE,https://card.aikatsu.net/cardlist/images/cardlist/cardimg/02-16.png,http://aikatsu.com/qr/id=qh2K0HCz9mCD
02-17,サイバーホットミニ,クール,,ボトムス,ノーマル,2013,1302,FALSE,https://card.aikatsu.net/cardlist/images/cardlist/cardimg/02-17.png,http://aikatsu.com/qr/id=1VXecQ9MyY8Y
02-18,サイバープリーツスカート,クール,,ボトムス,ノーマル,2013,1302,FALSE,https://card.aikatsu.net/cardlist/images/cardlist/cardimg/02-18.png,http://aikatsu.com/qr/id=Cso3WrRwOE4z
02-19,ラッキーパイロットブーツ,クール,フューチャリングガール,シューズ,レア,2013,1302,FALSE,https://card.aikatsu.net/cardlist/images/cardlist/cardimg/02-19.png,http://aikatsu.com/qr/id=K4NMhcgNvnva
02-20,クロスベルトブーツ,クール,,シューズ,ノーマル,2013,1302,FALSE,https://card.aikatsu.net/cardlist/images/cardlist/cardimg/02-20.png,http://aikatsu.com/qr/id=SpQXUCSD3r0F
02-21,サイバーラバーブーツ,クール,,シューズ,ノーマル,2013,1302,FALSE,https://card.aikatsu.net/cardlist/images/cardlist/cardimg/02-21.png,http://aikatsu.com/qr/id=rp3uDrU2uY18
02-22,エメラルドサイバーワンピース,クール,,トップス&ボトムス,ノーマル,2013,1302,FALSE,https://card.aikatsu.net/cardlist/images/cardlist/cardimg/02-22.png,http://aikatsu.com/qr/id=mJTEABxW0HZW
02-23,ローズボンボントップス,セクシー,スパイシーアゲハ,トップス,プレミアムレア,2013,1302,FALSE,https://card.aikatsu.net/cardlist/images/cardlist/cardimg/02-23.png,http://aikatsu.com/qr/id=r2mYpEjb5qDW
02-24,グリッターローズコルセット,セクシー,スパイシーアゲハ,トップス,レア,2013,1302,FALSE,https://card.aikatsu.net/cardlist/images/cardlist/cardimg/02-24.png,http://aikatsu.com/qr/id=ArCjoyqnowgr
02-25,ルージュベアトップ,セクシー,,トップス,ノーマル,2013,1302,FALSE,https://card.aikatsu.net/cardlist/images/cardlist/cardimg/02-25.png,http://aikatsu.com/qr/id=TsPb0hNdlwB7
02-26,エリつきベスト,セクシー,,トップス,ノーマル,2013,1302,FALSE,https://card.aikatsu.net/cardlist/images/cardlist/cardimg/02-26.png,http://aikatsu.com/qr/id=cRKki9mPDPsa
02-27,ローズボンボンスカート,セクシー,スパイシーアゲハ,ボトムス,プレミアムレア,2013,1302,FALSE,https://card.aikatsu.net/cardlist/images/cardlist/cardimg/02-27.png,http://aikatsu.com/qr/id=1rMGJMklPpm2
02-28,グリッターローズスカート,セクシー,スパイシーアゲハ,ボトムス,レア,2013,1302,FALSE,https://card.aikatsu.net/cardlist/images/cardlist/cardimg/02-28.png,http://aikatsu.com/qr/id=77RZvpV93OO1
02-29,ボルドーひらミニスカート,セクシー,,ボトムス,ノーマル,2013,1302,FALSE,https://card.aikatsu.net/cardlist/images/cardlist/cardimg/02-29.png,http://aikatsu.com/qr/id=T7FY0Jjz50lW
02-30,シャイニーブラックスカート,セクシー,,ボトムス,ノーマル,2013,1302,FALSE,https://card.aikatsu.net/cardlist/images/cardlist/cardimg/02-30.png,http://aikatsu.com/qr/id=e1mNxsYWMisF
02-31,ローズボンボンブーツ,セクシー,スパイシーアゲハ,シューズ,プレミアムレア,2013,1302,FALSE,https://card.aikatsu.net/cardlist/images/cardlist/cardimg/02-31.png,http://aikatsu.com/qr/id=JoZjJgILiwzi
02-32,グリッターローズサンダル,セクシー,スパイシーアゲハ,シューズ,レア,2013,1302,FALSE,https://card.aikatsu.net/cardlist/images/cardlist/cardimg/02-32.png,http://aikatsu.com/qr/id=Xw0Qht1Bvpm4
02-33,スタッズつきブーティー,セクシー,,シューズ,ノーマル,2013,1302,FALSE,https://card.aikatsu.net/cardlist/images/cardlist/cardimg/02-33.png,http://aikatsu.com/qr/id=SV2CpSCp3tef
02-34,ファーつきシルバーサンダル,セクシー,,シューズ,ノーマル,2013,1302,FALSE,https://card.aikatsu.net/cardlist/images/cardlist/cardimg/02-34.png,http://aikatsu.com/qr/id=lEHFYDDYysTE
02-35,ゴールドマジックワンピース,セクシー,スパイシーアゲハ,トップス&ボトムス,レア,2013,1302,FALSE,https://card.aikatsu.net/cardlist/images/cardlist/cardimg/02-35.png,http://aikatsu.com/qr/id=UwaI4LSL503H
02-36,トロピカルバスケットワンショルダー,ポップ,ハッピーレインボー,トップス,プレミアムレア,2013,1302,FALSE,https://card.aikatsu.net/cardlist/images/cardlist/cardimg/02-36.png,http://aikatsu.com/qr/id=X7okDeVsClME
02-37,ピンキーファンキーベスト,ポップ,ハッピーレインボー,トップス,レア,2013,1302,FALSE,https://card.aikatsu.net/cardlist/images/cardlist/cardimg/02-37.png,http://aikatsu.com/qr/id=17uH2zfoWNau
02-38,ポッピンキャンディーシャツ,ポップ,,トップス,ノーマル,2013,1302,FALSE,https://card.aikatsu.net/cardlist/images/cardlist/cardimg/02-38.png,http://aikatsu.com/qr/id=MhbLiC96ooYa
02-39,イエローステージボレロ,ポップ,,トップス,ノーマル,2013,1302,FALSE,https://card.aikatsu.net/cardlist/images/cardlist/cardimg/02-39.png,http://aikatsu.com/qr/id=C2o8AbsXCnRB
02-40,トロピカルバスケットスカート,ポップ,ハッピーレインボー,ボトムス,プレミアムレア,2013,1302,FALSE,https://card.aikatsu.net/cardlist/images/cardlist/cardimg/02-40.png,http://aikatsu.com/qr/id=XEAEVDDiHK3t
02-41,ピンキーファンキースカート,ポップ,ハッピーレインボー,ボトムス,レア,2013,1302,FALSE,https://card.aikatsu.net/cardlist/images/cardlist/cardimg/02-41.png,http://aikatsu.com/qr/id=yJvJhIDpqju6
02-42,ももいろかぼちゃパンツ,ポップ,,ボトムス,ノーマル,2013,1302,FALSE,https://card.aikatsu.net/cardlist/images/cardlist/cardimg/02-42.png,http://aikatsu.com/qr/id=41LNcTlCrlV2
02-43,イエローステージスカート,ポップ,,ボトムス,ノーマル,2013,1302,FALSE,https://card.aikatsu.net/cardlist/images/cardlist/cardimg/02-43.png,http://aikatsu.com/qr/id=CV34EOtv1LtZ
02-44,トロピカルバスケットシューズ,ポップ,ハッピーレインボー,シューズ,プレミアムレア,2013,1302,FALSE,https://card.aikatsu.net/cardlist/images/cardlist/cardimg/02-44.png,http://aikatsu.com/qr/id=4VDosvdUX6wN
02-45,ピンキーファンキーブーツ,ポップ,ハッピーレインボー,シューズ,レア,2013,1302,FALSE,https://card.aikatsu.net/cardlist/images/cardlist/cardimg/02-45.png,http://aikatsu.com/qr/id=yhw9qOnsKODM
02-46,ハイカットスニーカー,ポップ,,シューズ,ノーマル,2013,1302,FALSE,https://card.aikatsu.net/cardlist/images/cardlist/cardimg/02-46.png,http://aikatsu.com/qr/id=AwSpRS1TUcDZ
02-47,イエローステージパンプス,ポップ,,シューズ,ノーマル,2013,1302,FALSE,https://card.aikatsu.net/cardlist/images/cardlist/cardimg/02-47.png,http://aikatsu.com/qr/id=L4Xgr8m7s5Vl
02-48,虹色アリスワンピース,ポップ,ハッピーレインボー,トップス&ボトムス,レア,2013,1302,FALSE,https://card.aikatsu.net/cardlist/images/cardlist/cardimg/02-48.png,http://aikatsu.com/qr/id=ApEVHDRtZHOH
02-49,スイートレストランリボン,,,アクセサリー,レア,2013,1302,FALSE,https://card.aikatsu.net/cardlist/images/cardlist/cardimg/02-49.png,http://aikatsu.com/qr/id=HDYnWo4vMmZl
02-50,パイロットガールアクセサリー,,,アクセサリー,レア,2013,1302,FALSE,https://card.aikatsu.net/cardlist/images/cardlist/cardimg/02-50.png,http://aikatsu.com/qr/id=hsAg04CufAyI
02-51,ローズボンボンヘアコサージュ,,,アクセサリー,レア,2013,1302,FALSE,https://card.aikatsu.net/cardlist/images/cardlist/cardimg/02-51.png,http://aikatsu.com/qr/id=f2jHIam9VqOY
02-52,トロピカルバスケットカチューシャ,,,アクセサリー,レア,2013,1302,FALSE,https://card.aikatsu.net/cardlist/images/cardlist/cardimg/02-52.png,http://aikatsu.com/qr/id=KJsS4FKVTuHk
03-01,バレンタインスタイルケープ,キュート,Angely Sugar,トップス,レア,2013,1303,FALSE,https://card.aikatsu.net/cardlist/images/cardlist/cardimg/03-01.png,http://aikatsu.com/qr/id=U1x9wuTqMT5I
03-CP01,レッドストライプリボンアクセ,,,アクセサリー,キャンペーンレア,2013,1303,FALSE,https://card.aikatsu.net/cardlist/images/cardlist/cardimg/03-CP01.png,
03-02,マリンカラーブラウス,キュート,,トップス,ノーマル,2013,1303,FALSE,https://card.aikatsu.net/cardlist/images/cardlist/cardimg/03-02.png,http://aikatsu.com/qr/id=B4PuvqYyu3OY
03-CP02,ブラックスペースカチューシャ,,,アクセサリー,キャンペーンレア,2013,1303,FALSE,https://card.aikatsu.net/cardlist/images/cardlist/cardimg/03-CP02.png,
03-03,ファインピンクTシャツ,キュート,Angely Sugar,トップス,ノーマル,2013,1303,FALSE,https://card.aikatsu.net/cardlist/images/cardlist/cardimg/03-03.png,http://aikatsu.com/qr/id=x1yQEgrHR9xi
03-CP03,オレンジマカロンアクセ,,,アクセサリー,キャンペーンレア,2013,1303,FALSE,https://card.aikatsu.net/cardlist/images/cardlist/cardimg/03-CP03.png,
03-04,バレンタインスタイルスカート,キュート,Angely Sugar,ボトムス,レア,2013,1303,FALSE,https://card.aikatsu.net/cardlist/images/cardlist/cardimg/03-04.png,http://aikatsu.com/qr/id=CwZsuIzm33iN
03-CP04,レッドローズヘアコサージュ,,,アクセサリー,キャンペーンレア,2013,1303,FALSE,https://card.aikatsu.net/cardlist/images/cardlist/cardimg/03-CP04.png,
03-05,キューティーデニムショーパン,キュート,,ボトムス,ノーマル,2013,1303,FALSE,https://card.aikatsu.net/cardlist/images/cardlist/cardimg/03-05.png,http://aikatsu.com/qr/id=FpUIr53iaKHN
03-CP05,ブルーレースカチューシャ,,,アクセサリー,キャンペーンレア,2013,1303,FALSE,https://card.aikatsu.net/cardlist/images/cardlist/cardimg/03-CP05.png,
03-06,ファインピンクスカート,キュート,Angely Sugar,ボトムス,ノーマル,2013,1303,FALSE,https://card.aikatsu.net/cardlist/images/cardlist/cardimg/03-06.png,http://aikatsu.com/qr/id=PJwDJKofguU0
03-CP06,グリーンドットリボン,,,アクセサリー,キャンペーンレア,2013,1303,FALSE,https://card.aikatsu.net/cardlist/images/cardlist/cardimg/03-CP06.png,
03-07,バレンタインスタイルブーツ,キュート,Angely Sugar,シューズ,レア,2013,1303,FALSE,https://card.aikatsu.net/cardlist/images/cardlist/cardimg/03-07.png,http://aikatsu.com/qr/id=riIdpr1T9FD1
03-CP07,ルビーアゲハヘアコサージュ,,,アクセサリー,キャンペーンレア,2013,1303,FALSE,https://card.aikatsu.net/cardlist/images/cardlist/cardimg/03-CP07.png,
03-08,ホワイトウェッジソール,キュート,,シューズ,ノーマル,2013,1303,FALSE,https://card.aikatsu.net/cardlist/images/cardlist/cardimg/03-08.png,http://aikatsu.com/qr/id=CimBuoMe0OSl
03-09,ファインピンクシューズ,キュート,Angely Sugar,シューズ,ノーマル,2013,1303,FALSE,https://card.aikatsu.net/cardlist/images/cardlist/cardimg/03-09.png,http://aikatsu.com/qr/id=GpRMup1Egsza
03-10,ロイヤルワンピース,キュート,Angely Sugar,UNKNOWN:icon-cttb.jpg,レア,2013,1303,FALSE,https://card.aikatsu.net/cardlist/images/cardlist/cardimg/03-10.png,http://aikatsu.com/qr/id=Cwl5ITvUcniM
03-11,ゴスマジックシャツ,クール,LoLi GoThiC,トップス,プレミアムレア,2013,1303,FALSE,https://card.aikatsu.net/cardlist/images/cardlist/cardimg/03-11.png,http://aikatsu.com/qr/id=CRGsElvYtKr6
03-12,ネオルックチューブトップ,クール,FUTURING GIRL,トップス,レア,2013,1303,FALSE,https://card.aikatsu.net/cardlist/images/cardlist/cardimg/03-12.png,http://aikatsu.com/qr/id=I7v4eGwFzNTv
03-13,ストライプロングTシャツ,クール,,トップス,ノーマル,2013,1303,FALSE,https://card.aikatsu.net/cardlist/images/cardlist/cardimg/03-13.png,http://aikatsu.com/qr/id=7iydWDT3FWGI
03-14,ブロックチェックブラウス,クール,LoLi GoThiC,トップス,ノーマル,2013,1303,FALSE,https://card.aikatsu.net/cardlist/images/cardlist/cardimg/03-14.png,http://aikatsu.com/qr/id=e1ACxrbs98cC
03-15,ゴスマジックパニエ,クール,LoLi GoThiC,ボトムス,プレミアムレア,2013,1303,FALSE,https://card.aikatsu.net/cardlist/images/cardlist/cardimg/03-15.png,http://aikatsu.com/qr/id=TsXqvDg4C3Nv
03-16,ネオルックショートパンツ,クール,FUTURING GIRL,ボトムス,レア,2013,1303,FALSE,https://card.aikatsu.net/cardlist/images/cardlist/cardimg/03-16.png,http://aikatsu.com/qr/id=J1CuWcBcTenY
03-17,パンクプリーツスカート,クール,,ボトムス,ノーマル,2013,1303,FALSE,https://card.aikatsu.net/cardlist/images/cardlist/cardimg/03-17.png,http://aikatsu.com/qr/id=U4VphIGT1U1j
03-18,ブロックチェックスカート,クール,LoLi GoThiC,ボトムス,ノーマル,2013,1303,FALSE,https://card.aikatsu.net/cardlist/images/cardlist/cardimg/03-18.png,http://aikatsu.com/qr/id=OsMKoEelqpIl
03-19,ゴスマジックシューズ,クール,LoLi GoThiC,シューズ,プレミアムレア,2013,1303,FALSE,https://card.aikatsu.net/cardlist/images/cardlist/cardimg/03-19.png,http://aikatsu.com/qr/id=FoAfqO3yO7ym
03-20,ネオルックブーツ,クール,FUTURING GIRL,シューズ,レア,2013,1303,FALSE,https://card.aikatsu.net/cardlist/images/cardlist/cardimg/03-20.png,http://aikatsu.com/qr/id=E2JP7LseErO2
03-21,ボーダーつきスタッズブーツ,クール,,シューズ,ノーマル,2013,1303,FALSE,https://card.aikatsu.net/cardlist/images/cardlist/cardimg/03-21.png,http://aikatsu.com/qr/id=f2syijKfofjY
03-22,レースアップロリブーツ,クール,LoLi GoThiC,シューズ,ノーマル,2013,1303,FALSE,https://card.aikatsu.net/cardlist/images/cardlist/cardimg/03-22.png,http://aikatsu.com/qr/id=Or16wtVSslim
03-23,ストライプトレンチワンピ,クール,LoLi GoThiC,UNKNOWN:icon-cttb.jpg,レア,2013,1303,FALSE,https://card.aikatsu.net/cardlist/images/cardlist/cardimg/03-23.png,http://aikatsu.com/qr/id=BDOwRhjFU3Pv
03-24,マルチカラーホルターキャミ,セクシー,Spicy Ageha,トップス,プレミアムレア,2013,1303,FALSE,https://card.aikatsu.net/cardlist/images/cardlist/cardimg/03-24.png,http://aikatsu.com/qr/id=TokXtq019P32
03-25,ファントムレディーシャツ,セクシー,Spicy Ageha,トップス,レア,2013,1303,FALSE,https://card.aikatsu.net/cardlist/images/cardlist/cardimg/03-25.png,http://aikatsu.com/qr/id=aV71yTreAYIN
03-26,スターダストシャツ,セクシー,,トップス,ノーマル,2013,1303,FALSE,https://card.aikatsu.net/cardlist/images/cardlist/cardimg/03-26.png,http://aikatsu.com/qr/id=F2tUDShGTNq3
03-27,パープルロゴキャミソール,セクシー,Spicy Ageha,トップス,ノーマル,2013,1303,FALSE,https://card.aikatsu.net/cardlist/images/cardlist/cardimg/03-27.png,http://aikatsu.com/qr/id=m13YwRB1dYax
03-28,マルチカラースカート,セクシー,Spicy Ageha,ボトムス,プレミアムレア,2013,1303,FALSE,https://card.aikatsu.net/cardlist/images/cardlist/cardimg/03-28.png,http://aikatsu.com/qr/id=eVtOJ5wfboUa
03-29,ファントムレディージーンズ,セクシー,Spicy Ageha,ボトムス,レア,2013,1303,FALSE,https://card.aikatsu.net/cardlist/images/cardlist/cardimg/03-29.png,http://aikatsu.com/qr/id=S2sFJPifWEUF
03-30,ブラックぺプラム,セクシー,,ボトムス,ノーマル,2013,1303,FALSE,https://card.aikatsu.net/cardlist/images/cardlist/cardimg/03-30.png,http://aikatsu.com/qr/id=a1rC2CiMI9xM
03-31,ブラックフリルショーパン,セクシー,Spicy Ageha,ボトムス,ノーマル,2013,1303,FALSE,https://card.aikatsu.net/cardlist/images/cardlist/cardimg/03-31.png,http://aikatsu.com/qr/id=7JFH0hY5hfGv
03-32,マルチカラーサンダル,セクシー,Spicy Ageha,シューズ,プレミアムレア,2013,1303,FALSE,https://card.aikatsu.net/cardlist/images/cardlist/cardimg/03-32.png,http://aikatsu.com/qr/id=cVEU1kiwvcuZ
03-33,ファントムレディーブーツ,セクシー,Spicy Ageha,シューズ,レア,2013,1303,FALSE,https://card.aikatsu.net/cardlist/images/cardlist/cardimg/03-33.png,http://aikatsu.com/qr/id=rDTTq9xr5iqB
03-34,ブラックニーハイつきブーツ,セクシー,Spicy Ageha,シューズ,ノーマル,2013,1303,FALSE,https://card.aikatsu.net/cardlist/images/cardlist/cardimg/03-34.png,http://aikatsu.com/qr/id=Cp2ArZKCUKYW
03-35,ビジューワンピース,セクシー,Spicy Ageha,UNKNOWN:icon-cttb.jpg,レア,2013,1303,FALSE,https://card.aikatsu.net/cardlist/images/cardlist/cardimg/03-35.png,http://aikatsu.com/qr/id=ziA8pJTDflao
03-36,ピンキッシュブラウス,ポップ,HAPPY RAINBOW,トップス,レア,2013,1303,FALSE,https://card.aikatsu.net/cardlist/images/cardlist/cardimg/03-36.png,http://aikatsu.com/qr/id=fr3bcgmr9iMr
03-37,フルーツパーカー,ポップ,,トップス,ノーマル,2013,1303,FALSE,https://card.aikatsu.net/cardlist/images/cardlist/cardimg/03-37.png,http://aikatsu.com/qr/id=778LupuTaouM
03-38,デザインTシャツ,ポップ,,トップス,ノーマル,2013,1303,FALSE,https://card.aikatsu.net/cardlist/images/cardlist/cardimg/03-38.png,http://aikatsu.com/qr/id=Tiw2AMrpYLXx
03-39,ピンキッシュスカート,ポップ,HAPPY RAINBOW,ボトムス,レア,2013,1303,FALSE,https://card.aikatsu.net/cardlist/images/cardlist/cardimg/03-39.png,http://aikatsu.com/qr/id=2DD1IbiGuLuN
03-40,カラフルリボンスカート,ポップ,,ボトムス,ノーマル,2013,1303,FALSE,https://card.aikatsu.net/cardlist/images/cardlist/cardimg/03-40.png,http://aikatsu.com/qr/id=i1ED2bp4SYRN
03-41,アメリカンピーススカート,ポップ,,ボトムス,ノーマル,2013,1303,FALSE,https://card.aikatsu.net/cardlist/images/cardlist/cardimg/03-41.png,http://aikatsu.com/qr/id=1iuRuJJBjqlW
03-42,ピンキッシュワークブーツ,ポップ,HAPPY RAINBOW,シューズ,レア,2013,1303,FALSE,https://card.aikatsu.net/cardlist/images/cardlist/cardimg/03-42.png,http://aikatsu.com/qr/id=B7KOhYQL9EL4
03-43,ルンルンリボンブーツ,ポップ,,シューズ,ノーマル,2013,1303,FALSE,https://card.aikatsu.net/cardlist/images/cardlist/cardimg/03-43.png,http://aikatsu.com/qr/id=qouLRqDH3FT7
03-44,ピースフルサンダル,ポップ,,シューズ,ノーマル,2013,1303,FALSE,https://card.aikatsu.net/cardlist/images/cardlist/cardimg/03-44.png,http://aikatsu.com/qr/id=IrFVhxNCDK13
03-45,トムボーイオーバーオール,ポップ,HAPPY RAINBOW,UNKNOWN:icon-cttb.jpg,レア,2013,1303,FALSE,https://card.aikatsu.net/cardlist/images/cardlist/cardimg/03-45.png,http://aikatsu.com/qr/id=77lZACkThoJl
03-46,なないろマカロンワンピ,キュート,Angely Sugar,UNKNOWN:icon-cttb.jpg,ノーマル,2013,1303,FALSE,https://card.aikatsu.net/cardlist/images/cardlist/cardimg/03-46.png,http://aikatsu.com/qr/id=ZDTG7LFXciY1
03-47,なないろマカロンシューズ,キュート,Angely Sugar,シューズ,ノーマル,2013,1303,FALSE,https://card.aikatsu.net/cardlist/images/cardlist/cardimg/03-47.png,http://aikatsu.com/qr/id=nwCYvveLyf3N
03-48,なないろマカロンアクセ,,,アクセサリー,ノーマル,2013,1303,FALSE,https://card.aikatsu.net/cardlist/images/cardlist/cardimg/03-48.png,http://aikatsu.com/qr/id=02LdyaSWxwI4
03-49,バレンタインカチューシャ,,,アクセサリー,ノーマル,2013,1303,FALSE,https://card.aikatsu.net/cardlist/images/cardlist/cardimg/03-49.png,http://aikatsu.com/qr/id=dsVCDiTCaOdh
03-50,ゴスマジックミニハット,,,アクセサリー,レア,2013,1303,FALSE,https://card.aikatsu.net/cardlist/images/cardlist/cardimg/03-50.png,http://aikatsu.com/qr/id=ppEPptZAgkCT
03-51,マルチカラーヘアコサージュ,,,アクセサリー,レア,2013,1303,FALSE,https://card.aikatsu.net/cardlist/images/cardlist/cardimg/03-51.png,http://aikatsu.com/qr/id=REEJr9EA5em6
03-52,ピンキッシュドットリボン,,,アクセサリー,ノーマル,2013,1303,FALSE,https://card.aikatsu.net/cardlist/images/cardlist/cardimg/03-52.png,http://aikatsu.com/qr/id=joGh45PJfuKj
04-01,ブルーミングトップス,キュート,Aurora Fantasy,トップス,プレミアムレア,2013,1304,FALSE,https://card.aikatsu.net/cardlist/images/cardlist/cardimg/04-01.png,http://aikatsu.com/qr/id=SpUro7hVwX28
04-CP01,ベビーピンクフリルキャミソール,キュート,,トップス,キャンペーンレア,2013,1304,FALSE,https://card.aikatsu.net/cardlist/images/cardlist/cardimg/04-CP01.png,
04-02,フェアリーテイルブラウス,キュート,Aurora Fantasy,トップス,レア,2013,1304,FALSE,https://card.aikatsu.net/cardlist/images/cardlist/cardimg/04-02.png,http://aikatsu.com/qr/id=CiSmYADr792B
04-CP02,ベビーピンクフリルパニエ,キュート,,ボトムス,キャンペーンレア,2013,1304,FALSE,https://card.aikatsu.net/cardlist/images/cardlist/cardimg/04-CP02.png,
04-03,フリルスリーブTシャツ,キュート,Angely Sugar,トップス,ノーマル,2013,1304,FALSE,https://card.aikatsu.net/cardlist/images/cardlist/cardimg/04-03.png,http://aikatsu.com/qr/id=SwnTrlScCEia
04-CP03,ベビーピンクフリルシューズ,キュート,,シューズ,キャンペーンレア,2013,1304,FALSE,https://card.aikatsu.net/cardlist/images/cardlist/cardimg/04-CP03.png,
04-04,フリルアンサンブル,キュート,,トップス,ノーマル,2013,1304,FALSE,https://card.aikatsu.net/cardlist/images/cardlist/cardimg/04-04.png,http://aikatsu.com/qr/id=iwzXqTSJC7Rl
04-CP04,ライムガラストップス,クール,,トップス,キャンペーンレア,2013,1304,FALSE,https://card.aikatsu.net/cardlist/images/cardlist/cardimg/04-CP04.png,
04-05,ブルーミングスカート,キュート,Aurora Fantasy,ボトムス,プレミアムレア,2013,1304,FALSE,https://card.aikatsu.net/cardlist/images/cardlist/cardimg/04-05.png,http://aikatsu.com/qr/id=c7jAImtqyqiZ
04-CP05,ライムガラススカート,クール,,ボトムス,キャンペーンレア,2013,1304,FALSE,https://card.aikatsu.net/cardlist/images/cardlist/cardimg/04-CP05.png,
04-06,フェアリーテイルスカート,キュート,Aurora Fantasy,ボトムス,レア,2013,1304,FALSE,https://card.aikatsu.net/cardlist/images/cardlist/cardimg/04-06.png,http://aikatsu.com/qr/id=f1W24j6FRu9u
04-CP06,ライムガラスブーツ,クール,,シューズ,キャンペーンレア,2013,1304,FALSE,https://card.aikatsu.net/cardlist/images/cardlist/cardimg/04-CP06.png,
04-07,フリルデニムスカート,キュート,Angely Sugar,ボトムス,ノーマル,2013,1304,FALSE,https://card.aikatsu.net/cardlist/images/cardlist/cardimg/04-07.png,http://aikatsu.com/qr/id=4E8kiPlguEIz
04-CP07,ロマンティックパープルトップス,セクシー,,トップス,キャンペーンレア,2013,1304,FALSE,https://card.aikatsu.net/cardlist/images/cardlist/cardimg/04-CP07.png,
04-08,プリーツチェックスカート,キュート,,ボトムス,ノーマル,2013,1304,FALSE,https://card.aikatsu.net/cardlist/images/cardlist/cardimg/04-08.png,http://aikatsu.com/qr/id=UJhVrznLFLjH
04-CP08,ロマンティックパープルスカート,セクシー,,ボトムス,キャンペーンレア,2013,1304,FALSE,https://card.aikatsu.net/cardlist/images/cardlist/cardimg/04-CP08.png,
04-09,ブルーミングサンダル,キュート,Aurora Fantasy,シューズ,プレミアムレア,2013,1304,FALSE,https://card.aikatsu.net/cardlist/images/cardlist/cardimg/04-09.png,http://aikatsu.com/qr/id=4iRaYACXQThL
04-CP09,ロマンティックパープルブーツ,セクシー,,シューズ,キャンペーンレア,2013,1304,FALSE,https://card.aikatsu.net/cardlist/images/cardlist/cardimg/04-CP09.png,
04-10,フェアリーテイルブーツ,キュート,Aurora Fantasy,シューズ,レア,2013,1304,FALSE,https://card.aikatsu.net/cardlist/images/cardlist/cardimg/04-10.png,http://aikatsu.com/qr/id=ME5hvyYd3HU8
04-CP10,フレッシュマスカットベスト,ポップ,,トップス,キャンペーンレア,2013,1304,FALSE,https://card.aikatsu.net/cardlist/images/cardlist/cardimg/04-CP10.png,
04-11,レースソックスつきピンクパンプス,キュート,Angely Sugar,シューズ,ノーマル,2013,1304,FALSE,https://card.aikatsu.net/cardlist/images/cardlist/cardimg/04-11.png,http://aikatsu.com/qr/id=rwVV49npFKcj
04-CP11,フレッシュマスカットスカート,ポップ,,ボトムス,キャンペーンレア,2013,1304,FALSE,https://card.aikatsu.net/cardlist/images/cardlist/cardimg/04-CP11.png,
04-12,リボンつきローファー,キュート,,シューズ,ノーマル,2013,1304,FALSE,https://card.aikatsu.net/cardlist/images/cardlist/cardimg/04-12.png,http://aikatsu.com/qr/id=LiLzHvgNel7M
04-CP12,フレッシュマスカットスニーカー,ポップ,,シューズ,キャンペーンレア,2013,1304,FALSE,https://card.aikatsu.net/cardlist/images/cardlist/cardimg/04-CP12.png,
04-13,ピュアリボンワンピース,キュート,Angely Sugar,UNKNOWN:icon-cttb.jpg,レア,2013,1304,FALSE,https://card.aikatsu.net/cardlist/images/cardlist/cardimg/04-13.png,http://aikatsu.com/qr/id=cpTZr8lOustm
04-14,クリアガラストップス,クール,FUTURING GIRL,トップス,レア,2013,1304,FALSE,https://card.aikatsu.net/cardlist/images/cardlist/cardimg/04-14.png,http://aikatsu.com/qr/id=eJz7Doe53c28
04-15,ストライプゴシックトップス,クール,LoLi GoThiC,トップス,ノーマル,2013,1304,FALSE,https://card.aikatsu.net/cardlist/images/cardlist/cardimg/04-15.png,http://aikatsu.com/qr/id=mspHrNnazqCH
04-16,ツートーンベスト,クール,,トップス,ノーマル,2013,1304,FALSE,https://card.aikatsu.net/cardlist/images/cardlist/cardimg/04-16.png,http://aikatsu.com/qr/id=fRJHpeGPzL8W
04-17,マゼンダエナメルトップス,クール,,トップス,ノーマル,2013,1304,FALSE,https://card.aikatsu.net/cardlist/images/cardlist/cardimg/04-17.png,http://aikatsu.com/qr/id=lVLFr3tFcnF2
04-18,クリアガラススカート,クール,FUTURING GIRL,ボトムス,レア,2013,1304,FALSE,https://card.aikatsu.net/cardlist/images/cardlist/cardimg/04-18.png,http://aikatsu.com/qr/id=crQLxpMV8phM
04-19,ストライプゴシックパンツ,クール,LoLi GoThiC,ボトムス,ノーマル,2013,1304,FALSE,https://card.aikatsu.net/cardlist/images/cardlist/cardimg/04-19.png,http://aikatsu.com/qr/id=Cr4VcPsP9XAZ
04-20,サスペンダーつきショートパンツ,クール,,ボトムス,ノーマル,2013,1304,FALSE,https://card.aikatsu.net/cardlist/images/cardlist/cardimg/04-20.png,http://aikatsu.com/qr/id=T2oMpVCLOCQe
04-21,マゼンダエナメルスカート,クール,,ボトムス,ノーマル,2013,1304,FALSE,https://card.aikatsu.net/cardlist/images/cardlist/cardimg/04-21.png,http://aikatsu.com/qr/id=lRcJygoyDjnx
04-22,クリアガラスブーツ,クール,FUTURING GIRL,シューズ,レア,2013,1304,FALSE,https://card.aikatsu.net/cardlist/images/cardlist/cardimg/04-22.png,http://aikatsu.com/qr/id=yiRoWodGzKe6
04-23,プラットフォームゴシックシューズ,クール,LoLi GoThiC,シューズ,ノーマル,2013,1304,FALSE,https://card.aikatsu.net/cardlist/images/cardlist/cardimg/04-23.png,http://aikatsu.com/qr/id=yrqBotZusPw9
04-24,あなあきタイツつきシューズ,クール,,シューズ,ノーマル,2013,1304,FALSE,https://card.aikatsu.net/cardlist/images/cardlist/cardimg/04-24.png,http://aikatsu.com/qr/id=z2RKIfiFaFOE
04-25,ゴスペルワンピース,クール,LoLi GoThiC,UNKNOWN:icon-cttb.jpg,レア,2013,1304,FALSE,https://card.aikatsu.net/cardlist/images/cardlist/cardimg/04-25.png,http://aikatsu.com/qr/id=a7w2hE2Ad0r3
04-26,ロマンティックファートップス,セクシー,Spicy Ageha,トップス,レア,2013,1304,FALSE,https://card.aikatsu.net/cardlist/images/cardlist/cardimg/04-26.png,http://aikatsu.com/qr/id=yDjCYo03wmVm
04-27,ブラックフリルタンクトップ,セクシー,Spicy Ageha,トップス,ノーマル,2013,1304,FALSE,https://card.aikatsu.net/cardlist/images/cardlist/cardimg/04-27.png,http://aikatsu.com/qr/id=Oh81i5t4wf23
04-28,レースデザインデニムベスト,セクシー,,トップス,ノーマル,2013,1304,FALSE,https://card.aikatsu.net/cardlist/images/cardlist/cardimg/04-28.png,http://aikatsu.com/qr/id=LJJq0A2jT3rb
04-29,ロマンティックファースカート,セクシー,Spicy Ageha,ボトムス,レア,2013,1304,FALSE,https://card.aikatsu.net/cardlist/images/cardlist/cardimg/04-29.png,http://aikatsu.com/qr/id=EE5L4MS69ra2
04-30,フリルつきロゴショーパン,セクシー,Spicy Ageha,ボトムス,ノーマル,2013,1304,FALSE,https://card.aikatsu.net/cardlist/images/cardlist/cardimg/04-30.png,http://aikatsu.com/qr/id=UsdAuVM7GKzt
04-31,フリンジキャメルスカート,セクシー,,ボトムス,ノーマル,2013,1304,FALSE,https://card.aikatsu.net/cardlist/images/cardlist/cardimg/04-31.png,http://aikatsu.com/qr/id=CVffut0j7Fpl
04-32,ロマンティックファーブーツ,セクシー,Spicy Ageha,シューズ,レア,2013,1304,FALSE,https://card.aikatsu.net/cardlist/images/cardlist/cardimg/04-32.png,http://aikatsu.com/qr/id=ToN2segBRqPt
04-33,ニーハイつきスタッズブーティー,セクシー,Spicy Ageha,シューズ,ノーマル,2013,1304,FALSE,https://card.aikatsu.net/cardlist/images/cardlist/cardimg/04-33.png,http://aikatsu.com/qr/id=CD3dpwqHEmSF
04-34,カメオつきパープルブーツ,セクシー,,シューズ,ノーマル,2013,1304,FALSE,https://card.aikatsu.net/cardlist/images/cardlist/cardimg/04-34.png,http://aikatsu.com/qr/id=lrUNhiJCtoeO
04-35,千鳥格子ワンピース,セクシー,Spicy Ageha,UNKNOWN:icon-cttb.jpg,レア,2013,1304,FALSE,https://card.aikatsu.net/cardlist/images/cardlist/cardimg/04-35.png,http://aikatsu.com/qr/id=fETnWuUhsoL4
04-36,マーブルキャンディブラウス,ポップ,HAPPY RAINBOW,トップス,プレミアムレア,2013,1304,FALSE,https://card.aikatsu.net/cardlist/images/cardlist/cardimg/04-36.png,http://aikatsu.com/qr/id=TrcQc6XSSOT7
04-37,フレッシュグレープベスト,ポップ,HAPPY RAINBOW,トップス,レア,2013,1304,FALSE,https://card.aikatsu.net/cardlist/images/cardlist/cardimg/04-37.png,http://aikatsu.com/qr/id=c4MxoINqaqvN
04-38,カラフルボーダーブルゾン,ポップ,,トップス,ノーマル,2013,1304,FALSE,https://card.aikatsu.net/cardlist/images/cardlist/cardimg/04-38.png,http://aikatsu.com/qr/id=1ivWRS1C0XcN
04-39,カラフルペイントトレーナー,ポップ,,トップス,ノーマル,2013,1304,FALSE,https://card.aikatsu.net/cardlist/images/cardlist/cardimg/04-39.png,http://aikatsu.com/qr/id=q7gTeNyDgod1
04-40,マーブルキャンディスカート,ポップ,HAPPY RAINBOW,ボトムス,プレミアムレア,2013,1304,FALSE,https://card.aikatsu.net/cardlist/images/cardlist/cardimg/04-40.png,http://aikatsu.com/qr/id=eDceICoTu34W
04-41,フレッシュグレープスカート,ポップ,HAPPY RAINBOW,ボトムス,レア,2013,1304,FALSE,https://card.aikatsu.net/cardlist/images/cardlist/cardimg/04-41.png,http://aikatsu.com/qr/id=r4BYv7jZzjcH
04-42,青空プリントスカート,ポップ,,ボトムス,ノーマル,2013,1304,FALSE,https://card.aikatsu.net/cardlist/images/cardlist/cardimg/04-42.png,http://aikatsu.com/qr/id=yJ32HAuM2qs3
04-43,ペイントショートデニム,ポップ,,ボトムス,ノーマル,2013,1304,FALSE,https://card.aikatsu.net/cardlist/images/cardlist/cardimg/04-43.png,http://aikatsu.com/qr/id=AoKiuq0VJeGu
04-44,マーブルキャンディブーツ,ポップ,HAPPY RAINBOW,シューズ,プレミアムレア,2013,1304,FALSE,https://card.aikatsu.net/cardlist/images/cardlist/cardimg/04-44.png,http://aikatsu.com/qr/id=fpTHV2UfDXjY
04-45,フレッシュグレープスニーカー,ポップ,HAPPY RAINBOW,シューズ,レア,2013,1304,FALSE,https://card.aikatsu.net/cardlist/images/cardlist/cardimg/04-45.png,http://aikatsu.com/qr/id=mo7R02dLjeLW
04-46,モザイク柄タイツつきシューズ,ポップ,,シューズ,ノーマル,2013,1304,FALSE,https://card.aikatsu.net/cardlist/images/cardlist/cardimg/04-46.png,http://aikatsu.com/qr/id=zwFLELO6mwg7
04-47,カラフルドットブーツ,ポップ,,シューズ,ノーマル,2013,1304,FALSE,https://card.aikatsu.net/cardlist/images/cardlist/cardimg/04-47.png,http://aikatsu.com/qr/id=a1hhtxRxCUx8
04-48,ドリーミーキャンディワンピ,ポップ,,UNKNOWN:icon-cttb.jpg,ノーマル,2013,1304,FALSE,https://card.aikatsu.net/cardlist/images/cardlist/cardimg/04-48.png,http://aikatsu.com/qr/id=qsmns0jxGsC1
04-49,ブルーミングフラワーカチューシャ,,,アクセサリー,レア,2013,1304,FALSE,https://card.aikatsu.net/cardlist/images/cardlist/cardimg/04-49.png,http://aikatsu.com/qr/id=ZRrTuHTc2Cxc
04-50,デビルカチューシャ,,,アクセサリー,ノーマル,2013,1304,FALSE,https://card.aikatsu.net/cardlist/images/cardlist/cardimg/04-50.png,http://aikatsu.com/qr/id=GEUsUTranun3
04-51,ロマンティックファーアクセ,,,アクセサリー,レア,2013,1304,FALSE,https://card.aikatsu.net/cardlist/images/cardlist/cardimg/04-51.png,http://aikatsu.com/qr/id=NibT1PkhT9KB
04-52,マーブルキャンディカチューシャ,,,アクセサリー,レア,2013,1304,FALSE,https://card.aikatsu.net/cardlist/images/cardlist/cardimg/04-52.png,http://aikatsu.com/qr/id=hJ8FEGvK650r
05-01,リボンハウスブラウス,キュート,Angely Sugar,トップス,レア,2013,1305,FALSE,https://card.aikatsu.net/cardlist/images/cardlist/cardimg/05-01.png,http://aikatsu.com/qr/id=TJlZuUNEWljr
05-CP01,サンシャインワンピース,ポップ,,トップス&ボトムス,キャンペーンレア,2013,1305,FALSE,https://card.aikatsu.net/cardlist/images/cardlist/cardimg/05-CP01.png,http://aikatsu.com/qr/id=EplmELyvJlnr
05-02,フラワーピルエットトップス,キュート,Aurora Fantasy,トップス,ノーマル,2013,1305,FALSE,https://card.aikatsu.net/cardlist/images/cardlist/cardimg/05-02.png,http://aikatsu.com/qr/id=TDK4RHu3CqGH
05-CP02,サンライズワンピース,ポップ,,トップス&ボトムス,キャンペーンレア,2013,1305,FALSE,https://card.aikatsu.net/cardlist/images/cardlist/cardimg/05-CP02.png,http://aikatsu.com/qr/id=C4DsUmnGujYb
05-03,エレガンスパープルトップス,キュート,Aurora Fantasy,トップス,ノーマル,2013,1305,FALSE,https://card.aikatsu.net/cardlist/images/cardlist/cardimg/05-03.png,http://aikatsu.com/qr/id=U29UEMOUcN9t
05-CP03,サンセットワンピース,ポップ,,トップス&ボトムス,キャンペーンレア,2013,1305,FALSE,https://card.aikatsu.net/cardlist/images/cardlist/cardimg/05-CP03.png,http://aikatsu.com/qr/id=Er6WwhU7McKH
05-04,エンジェリーベアフリルトップス,キュート,Angely Sugar,トップス,ノーマル,2013,1305,FALSE,https://card.aikatsu.net/cardlist/images/cardlist/cardimg/05-04.png,http://aikatsu.com/qr/id=TRmkhJYf0m6i
05-CP04,サニーブーツ,ポップ,,シューズ,キャンペーンレア,2013,1305,FALSE,https://card.aikatsu.net/cardlist/images/cardlist/cardimg/05-CP04.png,http://aikatsu.com/qr/id=4VlVEOvEw6Uj
05-05,リボンハウススカート,キュート,Angely Sugar,ボトムス,レア,2013,1305,FALSE,https://card.aikatsu.net/cardlist/images/cardlist/cardimg/05-05.png,http://aikatsu.com/qr/id=LwFKU9SpAoVO
05-CP05,サニーカチューシャ,,,アクセサリー,キャンペーンレア,2013,1305,FALSE,https://card.aikatsu.net/cardlist/images/cardlist/cardimg/05-CP05.png,http://aikatsu.com/qr/id=ahKZHpqCdpH7
05-06,フラワーピルエットスカート,キュート,Aurora Fantasy,ボトムス,ノーマル,2013,1305,FALSE,https://card.aikatsu.net/cardlist/images/cardlist/cardimg/05-06.png,http://aikatsu.com/qr/id=ERYT7j3qzrm4
05-CP06,マゼンダトリオワンピ,セクシー,,トップス&ボトムス,キャンペーンレア,2013,1305,FALSE,https://card.aikatsu.net/cardlist/images/cardlist/cardimg/05-CP06.png,http://aikatsu.com/qr/id=CE8VuwBdML0j
05-07,オーロラフレアスカート,キュート,Aurora Fantasy,ボトムス,ノーマル,2013,1305,FALSE,https://card.aikatsu.net/cardlist/images/cardlist/cardimg/05-07.png,http://aikatsu.com/qr/id=LwlVhEHsHN0j
05-CP07,シアントリオワンピ,セクシー,,トップス&ボトムス,キャンペーンレア,2013,1305,FALSE,https://card.aikatsu.net/cardlist/images/cardlist/cardimg/05-CP07.png,http://aikatsu.com/qr/id=z18v4alDB0Xx
05-08,エンジェリーベアパステルスカート,キュート,Angely Sugar,ボトムス,ノーマル,2013,1305,FALSE,https://card.aikatsu.net/cardlist/images/cardlist/cardimg/05-08.png,http://aikatsu.com/qr/id=OiH5SO7C9sY7
05-CP08,イエロートリオワンピ,セクシー,,トップス&ボトムス,キャンペーンレア,2013,1305,FALSE,https://card.aikatsu.net/cardlist/images/cardlist/cardimg/05-CP08.png,http://aikatsu.com/qr/id=T1cjUL7NCE8r
05-09,リボンハウスシューズ,キュート,Angely Sugar,シューズ,レア,2013,1305,FALSE,https://card.aikatsu.net/cardlist/images/cardlist/cardimg/05-09.png,http://aikatsu.com/qr/id=2wE6RwR8DEAl
05-CP09,トライスターハイヒール,セクシー,,シューズ,キャンペーンレア,2013,1305,FALSE,https://card.aikatsu.net/cardlist/images/cardlist/cardimg/05-CP09.png,http://aikatsu.com/qr/id=B4e8uD1qboCr
05-10,フラワーピルエットシューズ,キュート,Aurora Fantasy,シューズ,ノーマル,2013,1305,FALSE,https://card.aikatsu.net/cardlist/images/cardlist/cardimg/05-10.png,http://aikatsu.com/qr/id=irKkHABWNrAO
05-CP10,トライスターヘアコサージュ,,,アクセサリー,キャンペーンレア,2013,1305,FALSE,https://card.aikatsu.net/cardlist/images/cardlist/cardimg/05-CP10.png,http://aikatsu.com/qr/id=LpMFcTFu2mEz
05-11,エンジェリーベアスニーカー,キュート,Angely Sugar,シューズ,ノーマル,2013,1305,FALSE,https://card.aikatsu.net/cardlist/images/cardlist/cardimg/05-11.png,http://aikatsu.com/qr/id=l22eEXLQV0P0
05-12,ノーブルワンピース,キュート,Aurora Fantasy,トップス&ボトムス,レア,2013,1305,FALSE,https://card.aikatsu.net/cardlist/images/cardlist/cardimg/05-12.png,http://aikatsu.com/qr/id=A1CJ4LtFZL50
05-13,カレイドミラートップス,クール,FUTURING GIRL,トップス,プレミアムレア,2013,1305,FALSE,https://card.aikatsu.net/cardlist/images/cardlist/cardimg/05-13.png,http://aikatsu.com/qr/id=S1Xz0yg7bwDz
05-14,スパークリングノワールトップス,クール,FUTURING GIRL,トップス,レア,2013,1305,FALSE,https://card.aikatsu.net/cardlist/images/cardlist/cardimg/05-14.png,http://aikatsu.com/qr/id=z7YzWcZePlmD
05-15,ブリティッシュフリルシャツ,クール,LoLi GoThiC,トップス,ノーマル,2013,1305,FALSE,https://card.aikatsu.net/cardlist/images/cardlist/cardimg/05-15.png,http://aikatsu.com/qr/id=zETyspubX6VZ
05-16,ホーリーパフスリーブ,クール,,トップス,ノーマル,2013,1305,FALSE,https://card.aikatsu.net/cardlist/images/cardlist/cardimg/05-16.png,http://aikatsu.com/qr/id=l2aCrBSOcOF2
05-17,カレイドミラースカート,クール,FUTURING GIRL,ボトムス,プレミアムレア,2013,1305,FALSE,https://card.aikatsu.net/cardlist/images/cardlist/cardimg/05-17.png,http://aikatsu.com/qr/id=CivoDWJ7Muc8
05-18,スパークリングノワールスカート,クール,FUTURING GIRL,ボトムス,レア,2013,1305,FALSE,https://card.aikatsu.net/cardlist/images/cardlist/cardimg/05-18.png,http://aikatsu.com/qr/id=B44H235FhUkW
05-19,ブリティッシュスカート,クール,LoLi GoThiC,ボトムス,ノーマル,2013,1305,FALSE,https://card.aikatsu.net/cardlist/images/cardlist/cardimg/05-19.png,http://aikatsu.com/qr/id=E22RwhRBieT0
05-20,ブラックレースフレアスカート,クール,,ボトムス,ノーマル,2013,1305,FALSE,https://card.aikatsu.net/cardlist/images/cardlist/cardimg/05-20.png,http://aikatsu.com/qr/id=1hh0JN5Jh0KH
05-21,カレイドミラーシューズ,クール,FUTURING GIRL,シューズ,プレミアムレア,2013,1305,FALSE,https://card.aikatsu.net/cardlist/images/cardlist/cardimg/05-21.png,http://aikatsu.com/qr/id=cEU0si1qdfvN
05-22,スパークリングノワールブーツ,クール,FUTURING GIRL,シューズ,レア,2013,1305,FALSE,https://card.aikatsu.net/cardlist/images/cardlist/cardimg/05-22.png,http://aikatsu.com/qr/id=ciwGpSVVwpUO
05-23,ブリティッシュブーツ,クール,LoLi GoThiC,シューズ,ノーマル,2013,1305,FALSE,https://card.aikatsu.net/cardlist/images/cardlist/cardimg/05-23.png,http://aikatsu.com/qr/id=J1nyS5STeLRj
05-24,エレクトリックセットアップ,クール,FUTURING GIRL,トップス&ボトムス,ノーマル,2013,1305,FALSE,https://card.aikatsu.net/cardlist/images/cardlist/cardimg/05-24.png,http://aikatsu.com/qr/id=T42BeaKKE5QJ
05-25,パーティークイーンホルターネック,セクシー,UNKNOWN:icon-brlq.jpg,トップス,レア,2013,1305,FALSE,https://card.aikatsu.net/cardlist/images/cardlist/cardimg/05-25.png,http://aikatsu.com/qr/id=yhaWqlkWE3yZ
05-26,ノクターンチューブトップ,セクシー,Spicy Ageha,トップス,レア,2013,1305,FALSE,https://card.aikatsu.net/cardlist/images/cardlist/cardimg/05-26.png,http://aikatsu.com/qr/id=U77mR4CSU7lw
05-27,ビッグフラワーキャミソール,セクシー,,トップス,ノーマル,2013,1305,FALSE,https://card.aikatsu.net/cardlist/images/cardlist/cardimg/05-27.png,http://aikatsu.com/qr/id=lpkq4L92dfzv
05-28,パーティークイーンスカート,セクシー,UNKNOWN:icon-brlq.jpg,ボトムス,レア,2013,1305,FALSE,https://card.aikatsu.net/cardlist/images/cardlist/cardimg/05-28.png,http://aikatsu.com/qr/id=ihwMRS23vn2m
05-29,ノクターンスカート,セクシー,Spicy Ageha,ボトムス,レア,2013,1305,FALSE,https://card.aikatsu.net/cardlist/images/cardlist/cardimg/05-29.png,http://aikatsu.com/qr/id=JpsFR2CKukQq
05-30,ダメージカプリデニム,セクシー,,ボトムス,ノーマル,2013,1305,FALSE,https://card.aikatsu.net/cardlist/images/cardlist/cardimg/05-30.png,http://aikatsu.com/qr/id=KDpC2kKZ0917
05-31,パーティークイーンサンダル,セクシー,UNKNOWN:icon-brlq.jpg,シューズ,レア,2013,1305,FALSE,https://card.aikatsu.net/cardlist/images/cardlist/cardimg/05-31.png,http://aikatsu.com/qr/id=41GB2FO7JFhl
05-32,ノクターンブーサン,セクシー,Spicy Ageha,シューズ,レア,2013,1305,FALSE,https://card.aikatsu.net/cardlist/images/cardlist/cardimg/05-32.png,http://aikatsu.com/qr/id=IoGWuqHPJKbH
05-33,カリブブルーサンダル,セクシー,,シューズ,ノーマル,2013,1305,FALSE,https://card.aikatsu.net/cardlist/images/cardlist/cardimg/05-33.png,http://aikatsu.com/qr/id=e4KpsszXz60j
05-34,ダークブルーコルセットワンピ,セクシー,Spicy Ageha,トップス&ボトムス,ノーマル,2013,1305,FALSE,https://card.aikatsu.net/cardlist/images/cardlist/cardimg/05-34.png,http://aikatsu.com/qr/id=XsYTv4hgbwOr
05-35,ピエロカーニバルトップス,ポップ,MAGICAL TOY,トップス,プレミアムレア,2013,1305,FALSE,https://card.aikatsu.net/cardlist/images/cardlist/cardimg/05-35.png,http://aikatsu.com/qr/id=FDZlekPiOEJB
05-36,レインボープリンスシャツ,ポップ,HAPPY RAINBOW,トップス,レア,2013,1305,FALSE,https://card.aikatsu.net/cardlist/images/cardlist/cardimg/05-36.png,http://aikatsu.com/qr/id=Kh4QcFstyFxO
05-37,ステップマジシャンベスト,ポップ,MAGICAL TOY,トップス,ノーマル,2013,1305,FALSE,https://card.aikatsu.net/cardlist/images/cardlist/cardimg/05-37.png,http://aikatsu.com/qr/id=yD8aoyuVdl2z
05-38,レトロポップトップス,ポップ,,トップス,ノーマル,2013,1305,FALSE,https://card.aikatsu.net/cardlist/images/cardlist/cardimg/05-38.png,http://aikatsu.com/qr/id=21HfJPoGK54a
05-39,ピエロカーニバルスカート,ポップ,MAGICAL TOY,ボトムス,プレミアムレア,2013,1305,FALSE,https://card.aikatsu.net/cardlist/images/cardlist/cardimg/05-39.png,http://aikatsu.com/qr/id=Up7cWq2ae6n0
05-40,レインボープリンスパンツ,ポップ,HAPPY RAINBOW,ボトムス,レア,2013,1305,FALSE,https://card.aikatsu.net/cardlist/images/cardlist/cardimg/05-40.png,http://aikatsu.com/qr/id=ahCmhx0EB94m
05-41,ステップマジシャンパンツ,ポップ,MAGICAL TOY,ボトムス,ノーマル,2013,1305,FALSE,https://card.aikatsu.net/cardlist/images/cardlist/cardimg/05-41.png,http://aikatsu.com/qr/id=KJQ228SPDjr6
05-42,レトロポッププリーツスカート,ポップ,,ボトムス,ノーマル,2013,1305,FALSE,https://card.aikatsu.net/cardlist/images/cardlist/cardimg/05-42.png,http://aikatsu.com/qr/id=F21GwxVsvi0m
05-43,ピエロカーニバルシューズ,ポップ,MAGICAL TOY,シューズ,プレミアムレア,2013,1305,FALSE,https://card.aikatsu.net/cardlist/images/cardlist/cardimg/05-43.png,http://aikatsu.com/qr/id=MVLdYIBpnsUO
05-44,レインボープリンスブーツ,ポップ,HAPPY RAINBOW,シューズ,レア,2013,1305,FALSE,https://card.aikatsu.net/cardlist/images/cardlist/cardimg/05-44.png,http://aikatsu.com/qr/id=moS8uUJ3LpN4
05-45,ステップマジシャンシューズ,ポップ,MAGICAL TOY,シューズ,ノーマル,2013,1305,FALSE,https://card.aikatsu.net/cardlist/images/cardlist/cardimg/05-45.png,http://aikatsu.com/qr/id=XrUzef6EC7g1
05-46,レトロポップラウンドパンプス,ポップ,,シューズ,ノーマル,2013,1305,FALSE,https://card.aikatsu.net/cardlist/images/cardlist/cardimg/05-46.png,http://aikatsu.com/qr/id=EpH6cM7Uji8i
05-47,スマイルワンピース,ポップ,MAGICAL TOY,トップス&ボトムス,ノーマル,2013,1305,FALSE,https://card.aikatsu.net/cardlist/images/cardlist/cardimg/05-47.png,http://aikatsu.com/qr/id=IpWTWuha37n2
05-48,エンジェリーベアリボン,,,アクセサリー,ノーマル,2013,1305,FALSE,https://card.aikatsu.net/cardlist/images/cardlist/cardimg/05-48.png,http://aikatsu.com/qr/id=9sOoWcg1ZqJY
05-49,フラワーピルエットコサージュ,,,アクセサリー,ノーマル,2013,1305,FALSE,https://card.aikatsu.net/cardlist/images/cardlist/cardimg/05-49.png,http://aikatsu.com/qr/id=kJLc7nvbSLXt
05-50,カレイドスコープアクセサリー,,,アクセサリー,レア,2013,1305,FALSE,https://card.aikatsu.net/cardlist/images/cardlist/cardimg/05-50.png,http://aikatsu.com/qr/id=GJVCHWTs6W3f
05-51,パーティームーンアクセ,,,アクセサリー,ノーマル,2013,1305,FALSE,https://card.aikatsu.net/cardlist/images/cardlist/cardimg/05-51.png,http://aikatsu.com/qr/id=C7uN4PfmfnAz
05-52,ピエロカーニバルミニハット,,,アクセサリー,レア,2013,1305,FALSE,https://card.aikatsu.net/cardlist/images/cardlist/cardimg/05-52.png,http://aikatsu.com/qr/id=SJMJDIeSDHs8
06-01,スターフェスティバルトップス,キュート,Angely Sugar,トップス,プレミアムレア,2013,1306,FALSE,https://card.aikatsu.net/cardlist/images/cardlist/cardimg/06-01.png,http://aikatsu.com/qr/id=F7Hd1TEl7Epm
06-CP01,ピンクスタージャケット,セクシー,,トップス,キャンペーンレア,2013,1306,FALSE,https://card.aikatsu.net/cardlist/images/cardlist/cardimg/06-CP01.png,http://aikatsu.com/qr/id=71bz1gtBo7CE
06-02,ローズガーデンレーシートップス,キュート,Angely Sugar,トップス,レア,2013,1306,FALSE,https://card.aikatsu.net/cardlist/images/cardlist/cardimg/06-02.png,http://aikatsu.com/qr/id=BR0e2joPEUkt
06-CP02,ブルースタージャケット,セクシー,,トップス,キャンペーンレア,2013,1306,FALSE,https://card.aikatsu.net/cardlist/images/cardlist/cardimg/06-CP02.png,http://aikatsu.com/qr/id=EVUkHqThcIBc
06-03,クラシカルワルツトップス,キュート,Aurora Fantasy,トップス,ノーマル,2013,1306,FALSE,https://card.aikatsu.net/cardlist/images/cardlist/cardimg/06-03.png,http://aikatsu.com/qr/id=SrvftEZq4Sxf
06-CP03,パープルスタージャケット,セクシー,,トップス,キャンペーンレア,2013,1306,FALSE,https://card.aikatsu.net/cardlist/images/cardlist/cardimg/06-CP03.png,http://aikatsu.com/qr/id=LsbbvAqFilpl
06-04,コサージュ付ピンクレースＴシャツ,キュート,,トップス,ノーマル,2013,1306,FALSE,https://card.aikatsu.net/cardlist/images/cardlist/cardimg/06-04.png,http://aikatsu.com/qr/id=ciTeqPPRqUUb
06-CP04,イエロースターシャツ,セクシー,,トップス,キャンペーンレア,2013,1306,FALSE,https://card.aikatsu.net/cardlist/images/cardlist/cardimg/06-CP04.png,http://aikatsu.com/qr/id=T1l4qayNlU8u
06-05,スターフェスティバルスカート,キュート,Angely Sugar,ボトムス,プレミアムレア,2013,1306,FALSE,https://card.aikatsu.net/cardlist/images/cardlist/cardimg/06-05.png,http://aikatsu.com/qr/id=cpj37CmjY7wO
06-CP05,グリーンスターブラウス,セクシー,,トップス,キャンペーンレア,2013,1306,FALSE,https://card.aikatsu.net/cardlist/images/cardlist/cardimg/06-CP05.png,http://aikatsu.com/qr/id=errv7TpAjX7j
06-06,ローズガーデンスカート,キュート,Angely Sugar,ボトムス,レア,2013,1306,FALSE,https://card.aikatsu.net/cardlist/images/cardlist/cardimg/06-06.png,http://aikatsu.com/qr/id=J1CKiFxCAoYB
06-CP06,ライムスタートップス,セクシー,,トップス,キャンペーンレア,2013,1306,FALSE,https://card.aikatsu.net/cardlist/images/cardlist/cardimg/06-CP06.png,http://aikatsu.com/qr/id=MrinDpdNkOpB
06-07,クラシカルワルツスカート,キュート,Aurora Fantasy,ボトムス,ノーマル,2013,1306,FALSE,https://card.aikatsu.net/cardlist/images/cardlist/cardimg/06-07.png,http://aikatsu.com/qr/id=LsGZVxHyN9oF
06-CP07,オレンジスターベスト,セクシー,,トップス,キャンペーンレア,2013,1306,FALSE,https://card.aikatsu.net/cardlist/images/cardlist/cardimg/06-CP07.png,http://aikatsu.com/qr/id=KE490wGz85ra
06-08,ラベンダーショートパンツ,キュート,,ボトムス,ノーマル,2013,1306,FALSE,https://card.aikatsu.net/cardlist/images/cardlist/cardimg/06-08.png,http://aikatsu.com/qr/id=er8BI5t5WlHO
06-CP08,レッドスターコルセット,セクシー,,トップス,キャンペーンレア,2013,1306,FALSE,https://card.aikatsu.net/cardlist/images/cardlist/cardimg/06-CP08.png,http://aikatsu.com/qr/id=z1QaH2e2F5N1
06-09,スターフェスティバルサンダル,キュート,Angely Sugar,シューズ,プレミアムレア,2013,1306,FALSE,https://card.aikatsu.net/cardlist/images/cardlist/cardimg/06-09.png,http://aikatsu.com/qr/id=zRBMtUMMLnTi
06-CP09,スターライトスカート,セクシー,,ボトムス,キャンペーンレア,2013,1306,FALSE,https://card.aikatsu.net/cardlist/images/cardlist/cardimg/06-CP09.png,http://aikatsu.com/qr/id=FwdOJTydlPYO
06-10,レースアップキャメルブーツ,キュート,Angely Sugar,シューズ,レア,2013,1306,FALSE,https://card.aikatsu.net/cardlist/images/cardlist/cardimg/06-10.png,http://aikatsu.com/qr/id=MscLEZ3QDmtO
06-CP10,スターライトブーツ,セクシー,,シューズ,キャンペーンレア,2013,1306,FALSE,https://card.aikatsu.net/cardlist/images/cardlist/cardimg/06-CP10.png,http://aikatsu.com/qr/id=OrTq4CtMoUW3
06-11,クラシカルワルツパンプス,キュート,Aurora Fantasy,シューズ,ノーマル,2013,1306,FALSE,https://card.aikatsu.net/cardlist/images/cardlist/cardimg/06-11.png,http://aikatsu.com/qr/id=qV4LJjLFQ7T7
06-CP11,スターライトカチューシャ,,,アクセサリー,キャンペーンレア,2013,1306,FALSE,https://card.aikatsu.net/cardlist/images/cardlist/cardimg/06-CP11.png,http://aikatsu.com/qr/id=KrzjHxjuPlrz
06-12,ストライプウェッジソール,キュート,,シューズ,ノーマル,2013,1306,FALSE,https://card.aikatsu.net/cardlist/images/cardlist/cardimg/06-12.png,http://aikatsu.com/qr/id=Ssx5ATE3wiRF
06-13,アリスファンタジーワンピ,キュート,Aurora Fantasy,トップス&ボトムス,レア,2013,1306,FALSE,https://card.aikatsu.net/cardlist/images/cardlist/cardimg/06-13.png,http://aikatsu.com/qr/id=TV4sW0VedePv
06-14,ハイポリストップス,クール,FUTURING GIRL,トップス,レア,2013,1306,FALSE,https://card.aikatsu.net/cardlist/images/cardlist/cardimg/06-14.png,http://aikatsu.com/qr/id=E7IGRqTKiTBc
06-15,アクアパティシエブラウス,クール,LoLi GoThiC,トップス,ノーマル,2013,1306,FALSE,https://card.aikatsu.net/cardlist/images/cardlist/cardimg/06-15.png,http://aikatsu.com/qr/id=e1GD2Tvxb6o3
06-16,サファイアチューブトップ,クール,,トップス,ノーマル,2013,1306,FALSE,https://card.aikatsu.net/cardlist/images/cardlist/cardimg/06-16.png,http://aikatsu.com/qr/id=B2LSs0uOYeCt
06-17,ハイポリスパンツ,クール,FUTURING GIRL,ボトムス,レア,2013,1306,FALSE,https://card.aikatsu.net/cardlist/images/cardlist/cardimg/06-17.png,http://aikatsu.com/qr/id=MpmQRtNSNisa
06-18,アクアパティシエスカート,クール,LoLi GoThiC,ボトムス,ノーマル,2013,1306,FALSE,https://card.aikatsu.net/cardlist/images/cardlist/cardimg/06-18.png,http://aikatsu.com/qr/id=f4XkqMmWIi94
06-19,マリンデニムスカート,クール,,ボトムス,ノーマル,2013,1306,FALSE,https://card.aikatsu.net/cardlist/images/cardlist/cardimg/06-19.png,http://aikatsu.com/qr/id=1VWw43f2EqgY
06-20,ハイポリスブーツ,クール,FUTURING GIRL,シューズ,レア,2013,1306,FALSE,https://card.aikatsu.net/cardlist/images/cardlist/cardimg/06-20.png,http://aikatsu.com/qr/id=MEiOJ5rFGnSO
06-21,マリンパティシエシューズ,クール,LoLi GoThiC,シューズ,ノーマル,2013,1306,FALSE,https://card.aikatsu.net/cardlist/images/cardlist/cardimg/06-21.png,http://aikatsu.com/qr/id=LEGBhwcwjrYF
06-22,折り返しブラックブーツ,クール,,シューズ,ノーマル,2013,1306,FALSE,https://card.aikatsu.net/cardlist/images/cardlist/cardimg/06-22.png,http://aikatsu.com/qr/id=mhVgizp7O5gr
06-23,ボンボヤージュワンピ,クール,FUTURING GIRL,トップス&ボトムス,ノーマル,2013,1306,FALSE,https://card.aikatsu.net/cardlist/images/cardlist/cardimg/06-23.png,http://aikatsu.com/qr/id=mVC91zIvYO5E
06-24,ロイヤルムーンオフショルダー,セクシー,UNKNOWN:icon-brlq.jpg,トップス,プレミアムレア,2013,1306,FALSE,https://card.aikatsu.net/cardlist/images/cardlist/cardimg/06-24.png,http://aikatsu.com/qr/id=chBj2CW9anoM
06-25,シェエラザードワンショルダー,セクシー,UNKNOWN:icon-brlq.jpg,トップス,レア,2013,1306,FALSE,https://card.aikatsu.net/cardlist/images/cardlist/cardimg/06-25.png,http://aikatsu.com/qr/id=S4kbuEqEwlVl
06-26,ビッグフラワープリントＴシャツ,セクシー,,トップス,ノーマル,2013,1306,FALSE,https://card.aikatsu.net/cardlist/images/cardlist/cardimg/06-26.png,http://aikatsu.com/qr/id=zEjYD1zR2Lz0
06-27,ミヤミリタリーチューブトップ,セクシー,Spicy Ageha,トップス,ノーマル,2013,1306,FALSE,https://card.aikatsu.net/cardlist/images/cardlist/cardimg/06-27.png,http://aikatsu.com/qr/id=X7hsyPnZZ3R3
06-28,レオパードフリルキャミ,セクシー,Spicy Ageha,トップス,ノーマル,2013,1306,FALSE,https://card.aikatsu.net/cardlist/images/cardlist/cardimg/06-28.png,http://aikatsu.com/qr/id=KReBAF3qqEtz
06-29,ロイヤルムーンスカート,セクシー,UNKNOWN:icon-brlq.jpg,ボトムス,プレミアムレア,2013,1306,FALSE,https://card.aikatsu.net/cardlist/images/cardlist/cardimg/06-29.png,http://aikatsu.com/qr/id=c1qB1ToIylym
06-30,シェエラザードバルーンスカート,セクシー,UNKNOWN:icon-brlq.jpg,ボトムス,レア,2013,1306,FALSE,https://card.aikatsu.net/cardlist/images/cardlist/cardimg/06-30.png,http://aikatsu.com/qr/id=KJDQpId4b7Va
06-31,ブラックレーシーショーパン,セクシー,,ボトムス,ノーマル,2013,1306,FALSE,https://card.aikatsu.net/cardlist/images/cardlist/cardimg/06-31.png,http://aikatsu.com/qr/id=C28rJmtTELex
06-32,ミヤミリタリースカート,セクシー,Spicy Ageha,ボトムス,ノーマル,2013,1306,FALSE,https://card.aikatsu.net/cardlist/images/cardlist/cardimg/06-32.png,http://aikatsu.com/qr/id=aV2RrC5bTK20
06-33,ボルドータイトミニスカート,セクシー,Spicy Ageha,ボトムス,ノーマル,2013,1306,FALSE,https://card.aikatsu.net/cardlist/images/cardlist/cardimg/06-33.png,http://aikatsu.com/qr/id=zoNWrgmaJKPW
06-34,ロイヤルムーンサンダル,セクシー,UNKNOWN:icon-brlq.jpg,シューズ,プレミアムレア,2013,1306,FALSE,https://card.aikatsu.net/cardlist/images/cardlist/cardimg/06-34.png,http://aikatsu.com/qr/id=TEy6IM74x9Mr
06-35,シェエラザードミュール,セクシー,UNKNOWN:icon-brlq.jpg,シューズ,レア,2013,1306,FALSE,https://card.aikatsu.net/cardlist/images/cardlist/cardimg/06-35.png,http://aikatsu.com/qr/id=JpSZH0TnYFzD
06-36,レッドペディゴールドサンダル,セクシー,Spicy Ageha,シューズ,ノーマル,2013,1306,FALSE,https://card.aikatsu.net/cardlist/images/cardlist/cardimg/06-36.png,http://aikatsu.com/qr/id=AssGDcVPfsPr
06-37,ミヤキッシーズサンダル,セクシー,Spicy Ageha,シューズ,ノーマル,2013,1306,FALSE,https://card.aikatsu.net/cardlist/images/cardlist/cardimg/06-37.png,http://aikatsu.com/qr/id=lioCIQKgfsb1
06-38,マーメイドジュエルワンピ,セクシー,UNKNOWN:icon-brlq.jpg,トップス&ボトムス,レア,2013,1306,FALSE,https://card.aikatsu.net/cardlist/images/cardlist/cardimg/06-38.png,http://aikatsu.com/qr/id=qEHMUX680nb1
06-39,ポニーランドブラウス,ポップ,MAGICAL TOY,トップス,レア,2013,1306,FALSE,https://card.aikatsu.net/cardlist/images/cardlist/cardimg/06-39.png,http://aikatsu.com/qr/id=E7SjWRTQW9PV
06-40,チアーズトップス,ポップ,HAPPY RAINBOW,トップス,ノーマル,2013,1306,FALSE,https://card.aikatsu.net/cardlist/images/cardlist/cardimg/06-40.png,http://aikatsu.com/qr/id=KRTzcb9oipuz
06-41,キャンディプリントラグランTシャツ,ポップ,,トップス,ノーマル,2013,1306,FALSE,https://card.aikatsu.net/cardlist/images/cardlist/cardimg/06-41.png,http://aikatsu.com/qr/id=e1hRRwdQNjs6
06-42,ポニーランドスカート,ポップ,MAGICAL TOY,ボトムス,レア,2013,1306,FALSE,https://card.aikatsu.net/cardlist/images/cardlist/cardimg/06-42.png,http://aikatsu.com/qr/id=aDqRebX6tq1j
06-43,チアーズスカート,ポップ,HAPPY RAINBOW,ボトムス,ノーマル,2013,1306,FALSE,https://card.aikatsu.net/cardlist/images/cardlist/cardimg/06-43.png,http://aikatsu.com/qr/id=TsiUJaL5ZK3H
06-44,サンフラワースカート,ポップ,,ボトムス,ノーマル,2013,1306,FALSE,https://card.aikatsu.net/cardlist/images/cardlist/cardimg/06-44.png,http://aikatsu.com/qr/id=1pTy0SuThqeN
06-45,ポニーランドスリッポン,ポップ,MAGICAL TOY,シューズ,レア,2013,1306,FALSE,https://card.aikatsu.net/cardlist/images/cardlist/cardimg/06-45.png,http://aikatsu.com/qr/id=XorMcjrsL9K1
06-46,チアーズスニーカー,ポップ,HAPPY RAINBOW,シューズ,ノーマル,2013,1306,FALSE,https://card.aikatsu.net/cardlist/images/cardlist/cardimg/06-46.png,http://aikatsu.com/qr/id=BpYmHDbAIvbe
06-47,サンフラワーサンダル,ポップ,,シューズ,ノーマル,2013,1306,FALSE,https://card.aikatsu.net/cardlist/images/cardlist/cardimg/06-47.png,http://aikatsu.com/qr/id=IpjAhUQcsqTv
06-48,レトロフラワージャンパースカート,ポップ,MAGICAL TOY,トップス&ボトムス,ノーマル,2013,1306,FALSE,https://card.aikatsu.net/cardlist/images/cardlist/cardimg/06-48.png,http://aikatsu.com/qr/id=B7SroJDNqXkt
06-49,スターライトティアラ,,,アクセサリー,レア,2013,1306,FALSE,https://card.aikatsu.net/cardlist/images/cardlist/cardimg/06-49.png,http://aikatsu.com/qr/id=52mxrbtJuqKb
06-50,ハイポリスリボンカチューシャ,,,アクセサリー,レア,2013,1306,FALSE,https://card.aikatsu.net/cardlist/images/cardlist/cardimg/06-50.png,http://aikatsu.com/qr/id=51c41mpOXU96
06-51,ロイヤルムーンクラウン,,,アクセサリー,レア,2013,1306,FALSE,https://card.aikatsu.net/cardlist/images/cardlist/cardimg/06-51.png,http://aikatsu.com/qr/id=lV3NU6mFV794
06-52,バルーンランドカチューシャ,,,アクセサリー,レア,2013,1306,FALSE,https://card.aikatsu.net/cardlist/images/cardlist/cardimg/06-52.png,http://aikatsu.com/qr/id=KJCdsyqY2wsz
1401-01,トゥウィンクルエンジェルトップス,キュート,Angely Sugar,トップス,レア,2014,1401,FALSE,https://card.aikatsu.net/cardlist/images/cardlist/cardimg/1401-01.png,http://aikatsu.com/qr/id=A001AZ400qJL7s3HOxLxH
1401-CP01,ルージュドリームベスト,クール,,トップス,キャンペーンレア,2014,1401,FALSE,https://card.aikatsu.net/cardlist/images/cardlist/cardimg/1401-CP01.png,http://aikatsu.com/qr/id=A055ZZ3509JUdHGD0bOF1
1401-02,トゥウィンクルエンジェルスカート,キュート,Angely Sugar,ボトムス,レア,2014,1401,FALSE,https://card.aikatsu.net/cardlist/images/cardlist/cardimg/1401-02.png,http://aikatsu.com/qr/id=A002AZ400e74BJifHmsxl
1401-CP02,ルージュドリームスカート,クール,,ボトムス,キャンペーンレア,2014,1401,FALSE,https://card.aikatsu.net/cardlist/images/cardlist/cardimg/1401-CP02.png,http://aikatsu.com/qr/id=A056ZZ350F21guTCTu91V
1401-03,トゥウィンクルエンジェルパンプス,キュート,Angely Sugar,シューズ,レア,2014,1401,FALSE,https://card.aikatsu.net/cardlist/images/cardlist/cardimg/1401-03.png,http://aikatsu.com/qr/id=A003AZ3505VFl17WByoTa
1401-CP03,ルージュドリームブーツ,クール,,シューズ,キャンペーンレア,2014,1401,FALSE,https://card.aikatsu.net/cardlist/images/cardlist/cardimg/1401-CP03.png,http://aikatsu.com/qr/id=A057ZZ350b4mP1tmTg7fB
1401-04,フェミニンニットキャミソール,キュート,Angely Sugar,トップス,ノーマル,2014,1401,FALSE,https://card.aikatsu.net/cardlist/images/cardlist/cardimg/1401-04.png,http://aikatsu.com/qr/id=A004AZ300OiJEJWEYQK88
1401-CP04,ライムドリームケープ,ポップ,,トップス,キャンペーンレア,2014,1401,FALSE,https://card.aikatsu.net/cardlist/images/cardlist/cardimg/1401-CP04.png,http://aikatsu.com/qr/id=A058ZZ350b4RLpuntorCE
1401-05,フェミニンドットカプリパンツ,キュート,Angely Sugar,ボトムス,ノーマル,2014,1401,FALSE,https://card.aikatsu.net/cardlist/images/cardlist/cardimg/1401-05.png,http://aikatsu.com/qr/id=A005AZ200OrRnAo6nPEhm
1401-CP05,ライムドリームスカート,ポップ,,ボトムス,キャンペーンレア,2014,1401,FALSE,https://card.aikatsu.net/cardlist/images/cardlist/cardimg/1401-CP05.png,http://aikatsu.com/qr/id=A059ZZ350msXDH2xM8c5Y
1401-06,フェミニンレースパンプス,キュート,Angely Sugar,シューズ,ノーマル,2014,1401,FALSE,https://card.aikatsu.net/cardlist/images/cardlist/cardimg/1401-06.png,http://aikatsu.com/qr/id=A006AZ250H4yIvb1Fa3kN
1401-CP06,ライムドリームブーティー,ポップ,,シューズ,キャンペーンレア,2014,1401,FALSE,https://card.aikatsu.net/cardlist/images/cardlist/cardimg/1401-CP06.png,http://aikatsu.com/qr/id=A060ZZ350QJYWV4pD2LqH
1401-07,肩だしイエロービジューニット,キュート,,トップス,ノーマル,2014,1401,FALSE,https://card.aikatsu.net/cardlist/images/cardlist/cardimg/1401-07.png,http://aikatsu.com/qr/id=A007ZZ200vES4rifi9Yuj
1401-CP07,スカイドリームコルセット,セクシー,,トップス,キャンペーンレア,2014,1401,FALSE,https://card.aikatsu.net/cardlist/images/cardlist/cardimg/1401-CP07.png,http://aikatsu.com/qr/id=A061ZZ3500DS5xKZkCPPR
1401-08,ミントギンガムスカート,キュート,,ボトムス,ノーマル,2014,1401,FALSE,https://card.aikatsu.net/cardlist/images/cardlist/cardimg/1401-08.png,http://aikatsu.com/qr/id=A008ZZ250E7BNwaenqlGi
1401-CP08,スカイドリームスカート,セクシー,,ボトムス,キャンペーンレア,2014,1401,FALSE,https://card.aikatsu.net/cardlist/images/cardlist/cardimg/1401-CP08.png,http://aikatsu.com/qr/id=A062ZZ3502VYKtm15LmHa
1401-09,ダブルストラップパンプス,キュート,,シューズ,ノーマル,2014,1401,FALSE,https://card.aikatsu.net/cardlist/images/cardlist/cardimg/1401-09.png,http://aikatsu.com/qr/id=A009ZZ2003iELr2oSQnn4
1401-CP09,スカイドリームパンプス,セクシー,,シューズ,キャンペーンレア,2014,1401,FALSE,https://card.aikatsu.net/cardlist/images/cardlist/cardimg/1401-CP09.png,http://aikatsu.com/qr/id=A063ZZ350xhuBS1LOIOo2
1401-10,アーガイルラブリーワンピ,キュート,Angely Sugar,トップス&ボトムス,レア,2014,1401,FALSE,https://card.aikatsu.net/cardlist/images/cardlist/cardimg/1401-10.png,http://aikatsu.com/qr/id=A010AZ6002igAo5Bf8UfZ
1401-CP10,アプリコットドリームブラウス,キュート,,トップス,キャンペーンレア,2014,1401,FALSE,https://card.aikatsu.net/cardlist/images/cardlist/cardimg/1401-CP10.png,http://aikatsu.com/qr/id=A064ZZ350NEHt1IoYgLp6
1401-11,ピンクトルテブラウス,キュート,,トップス,ノーマル,2014,1401,FALSE,https://card.aikatsu.net/cardlist/images/cardlist/cardimg/1401-11.png,http://aikatsu.com/qr/id=A011ZZ300dswKhCVNplxF
1401-CP11,アプリコットドリームスカート,キュート,,ボトムス,キャンペーンレア,2014,1401,FALSE,https://card.aikatsu.net/cardlist/images/cardlist/cardimg/1401-CP11.png,http://aikatsu.com/qr/id=A065ZZ350Eo6iwfzIkHTt
1401-12,ピンクトルテスカート,キュート,,ボトムス,ノーマル,2014,1401,FALSE,https://card.aikatsu.net/cardlist/images/cardlist/cardimg/1401-12.png,http://aikatsu.com/qr/id=A012ZZ300AiFDpBa6vYzv
1401-CP12,アプリコットドリームブーツ,キュート,,シューズ,キャンペーンレア,2014,1401,FALSE,https://card.aikatsu.net/cardlist/images/cardlist/cardimg/1401-CP12.png,http://aikatsu.com/qr/id=A066ZZ350VVLARlMQIUE6
1401-13,ピンクトルテシューズ,キュート,,シューズ,ノーマル,2014,1401,FALSE,https://card.aikatsu.net/cardlist/images/cardlist/cardimg/1401-13.png,http://aikatsu.com/qr/id=A013ZZ300H4bi2yODIjJN
1401-14,ミュージカルスコーピオンジャケット,クール,Swing ROCK,トップス,プレミアムレア,2014,1401,FALSE,https://card.aikatsu.net/cardlist/images/cardlist/cardimg/1401-14.png,http://aikatsu.com/qr/id=A014EH700KDYY4of2Oc0k
1401-15,ミュージカルスコーピオンスカート,クール,Swing ROCK,ボトムス,プレミアムレア,2014,1401,FALSE,https://card.aikatsu.net/cardlist/images/cardlist/cardimg/1401-15.png,http://aikatsu.com/qr/id=A015EH750Sibvh9UqN0y6
1401-16,ミュージカルスコーピオンブーツ,クール,Swing ROCK,シューズ,プレミアムレア,2014,1401,FALSE,https://card.aikatsu.net/cardlist/images/cardlist/cardimg/1401-16.png,http://aikatsu.com/qr/id=A016EH700KpyfRCbClChI
1401-17,スイートデビルトップス,クール,Swing ROCK,トップス,レア,2014,1401,FALSE,https://card.aikatsu.net/cardlist/images/cardlist/cardimg/1401-17.png,http://aikatsu.com/qr/id=A017EH400qwL4p6uS6Ynu
1401-18,スイートデビルスカート,クール,Swing ROCK,ボトムス,レア,2014,1401,FALSE,https://card.aikatsu.net/cardlist/images/cardlist/cardimg/1401-18.png,http://aikatsu.com/qr/id=A018EH450T2CVwgU7L0LY
1401-19,スイートデビルブーツ,クール,Swing ROCK,シューズ,レア,2014,1401,FALSE,https://card.aikatsu.net/cardlist/images/cardlist/cardimg/1401-19.png,http://aikatsu.com/qr/id=A019EH3501hAXEcopzmG1
1401-20,ノイジーピアニストシャツ,クール,Swing ROCK,トップス,ノーマル,2014,1401,FALSE,https://card.aikatsu.net/cardlist/images/cardlist/cardimg/1401-20.png,http://aikatsu.com/qr/id=A020EZ200rp2ZR5hZTmMr
1401-21,ノイジーピアニストスカート,クール,Swing ROCK,ボトムス,ノーマル,2014,1401,FALSE,https://card.aikatsu.net/cardlist/images/cardlist/cardimg/1401-21.png,http://aikatsu.com/qr/id=A021EZ300U7UOERs5cm6i
1401-22,ノイジーピアニストサンダル,クール,Swing ROCK,シューズ,ノーマル,2014,1401,FALSE,https://card.aikatsu.net/cardlist/images/cardlist/cardimg/1401-22.png,http://aikatsu.com/qr/id=A022EZ250p2ITuCTVL53g
1401-23,ホワイトシースルーシャツ,クール,,トップス,ノーマル,2014,1401,FALSE,https://card.aikatsu.net/cardlist/images/cardlist/cardimg/1401-23.png,http://aikatsu.com/qr/id=A023ZZ250HEdNvbarJsDa
1401-24,タータンチェックパンツ,クール,,ボトムス,ノーマル,2014,1401,FALSE,https://card.aikatsu.net/cardlist/images/cardlist/cardimg/1401-24.png,http://aikatsu.com/qr/id=A024ZZ200f7xNYjbeNCPU
1401-25,ポインテッドトゥレッドパンプス,クール,,シューズ,ノーマル,2014,1401,FALSE,https://card.aikatsu.net/cardlist/images/cardlist/cardimg/1401-25.png,http://aikatsu.com/qr/id=A025ZZ200ZJpuRQJaCYvx
1401-26,ジャンピングオーバーオール,クール,Swing ROCK,トップス&ボトムス,レア,2014,1401,FALSE,https://card.aikatsu.net/cardlist/images/cardlist/cardimg/1401-26.png,http://aikatsu.com/qr/id=A026EZ600ep7du5ZJ6mBd
1401-27,キングレオトップス,セクシー,Spicy Ageha,トップス,プレミアムレア,2014,1401,FALSE,https://card.aikatsu.net/cardlist/images/cardlist/cardimg/1401-27.png,http://aikatsu.com/qr/id=A027FE7502wxQvC1F8oka
1401-28,キングレオスカート,セクシー,Spicy Ageha,ボトムス,プレミアムレア,2014,1401,FALSE,https://card.aikatsu.net/cardlist/images/cardlist/cardimg/1401-28.png,http://aikatsu.com/qr/id=A028FE700JEois34wx0ax
1401-29,キングレオロングブーサン,セクシー,Spicy Ageha,シューズ,プレミアムレア,2014,1401,FALSE,https://card.aikatsu.net/cardlist/images/cardlist/cardimg/1401-29.png,http://aikatsu.com/qr/id=A029FE700yE2RDZGUWeyk
1401-30,レオニズナイトトップス,セクシー,Spicy Ageha,トップス,レア,2014,1401,FALSE,https://card.aikatsu.net/cardlist/images/cardlist/cardimg/1401-30.png,http://aikatsu.com/qr/id=A030FE450BRUGufTG3FuD
1401-31,レオニズナイトスカート,セクシー,Spicy Ageha,ボトムス,レア,2014,1401,FALSE,https://card.aikatsu.net/cardlist/images/cardlist/cardimg/1401-31.png,http://aikatsu.com/qr/id=A031FE400LJEjJAsquiIB
1401-32,レオニズナイトブーティー,セクシー,Spicy Ageha,シューズ,レア,2014,1401,FALSE,https://card.aikatsu.net/cardlist/images/cardlist/cardimg/1401-32.png,http://aikatsu.com/qr/id=A032FE350KpcOAp3kKOwF
1401-33,ムートンショートジャケット,セクシー,,トップス,ノーマル,2014,1401,FALSE,https://card.aikatsu.net/cardlist/images/cardlist/cardimg/1401-33.png,http://aikatsu.com/qr/id=A033ZZ250D2FFpjHSrsZE
1401-34,レッドデニムショートパンツ,セクシー,,ボトムス,ノーマル,2014,1401,FALSE,https://card.aikatsu.net/cardlist/images/cardlist/cardimg/1401-34.png,http://aikatsu.com/qr/id=A034ZZ200eDcKvkTxksIn
1401-35,スエードロングブーツ,セクシー,,シューズ,ノーマル,2014,1401,FALSE,https://card.aikatsu.net/cardlist/images/cardlist/cardimg/1401-35.png,http://aikatsu.com/qr/id=A035ZZ200hh19vzT6Crqw
1401-36,エレガントローズワンピース,セクシー,Spicy Ageha,トップス&ボトムス,レア,2014,1401,FALSE,https://card.aikatsu.net/cardlist/images/cardlist/cardimg/1401-36.png,http://aikatsu.com/qr/id=A036FZ600FVVFYkThkSfL
1401-37,バラエティータイルトップス,ポップ,MAGICAL TOY,トップス,レア,2014,1401,FALSE,https://card.aikatsu.net/cardlist/images/cardlist/cardimg/1401-37.png,http://aikatsu.com/qr/id=A037JZ350EpyPqnCT17Bn
1401-38,バラエティータイルスカート,ポップ,MAGICAL TOY,ボトムス,レア,2014,1401,FALSE,https://card.aikatsu.net/cardlist/images/cardlist/cardimg/1401-38.png,http://aikatsu.com/qr/id=A038JZ400z4JCHV72PmY2
1401-39,バラエティータイルブーツ,ポップ,MAGICAL TOY,シューズ,レア,2014,1401,FALSE,https://card.aikatsu.net/cardlist/images/cardlist/cardimg/1401-39.png,http://aikatsu.com/qr/id=A039JZ400T4kaeBH2Yn67
1401-40,虹色ユニークTシャツ,ポップ,MAGICAL TOY,トップス,ノーマル,2014,1401,FALSE,https://card.aikatsu.net/cardlist/images/cardlist/cardimg/1401-40.png,http://aikatsu.com/qr/id=A040JZ250e1jMJmHNUsZO
1401-41,虹色ユニークスカート,ポップ,MAGICAL TOY,ボトムス,ノーマル,2014,1401,FALSE,https://card.aikatsu.net/cardlist/images/cardlist/cardimg/1401-41.png,http://aikatsu.com/qr/id=A041JZ300zrT8vqOSqp91
1401-42,虹色ユニークスリッポン,ポップ,MAGICAL TOY,シューズ,ノーマル,2014,1401,FALSE,https://card.aikatsu.net/cardlist/images/cardlist/cardimg/1401-42.png,http://aikatsu.com/qr/id=A042JZ200CsOSHpI08fyj
1401-43,ドーナツプリントロンT,ポップ,,トップス,ノーマル,2014,1401,FALSE,https://card.aikatsu.net/cardlist/images/cardlist/cardimg/1401-43.png,http://aikatsu.com/qr/id=A043ZZ200x2T0h4PVKXQH
1401-44,ドット柄パニエスカート,ポップ,,ボトムス,ノーマル,2014,1401,FALSE,https://card.aikatsu.net/cardlist/images/cardlist/cardimg/1401-44.png,http://aikatsu.com/qr/id=A044ZZ2007sxivuXwMLfv
1401-45,ハイカットトレッキングシューズ,ポップ,,シューズ,ノーマル,2014,1401,FALSE,https://card.aikatsu.net/cardlist/images/cardlist/cardimg/1401-45.png,http://aikatsu.com/qr/id=A045ZZ250swYMWAiow5az
1401-46,ざっくりニットワンピ,ポップ,MAGICAL TOY,トップス&ボトムス,レア,2014,1401,FALSE,https://card.aikatsu.net/cardlist/images/cardlist/cardimg/1401-46.png,http://aikatsu.com/qr/id=A046JZ600liKCWUWwurU4
1401-47,マジカルエンジニアブーツ,ポップ,MAGICAL TOY,シューズ,ノーマル,2014,1401,FALSE,https://card.aikatsu.net/cardlist/images/cardlist/cardimg/1401-47.png,http://aikatsu.com/qr/id=A047JZ250JhdPia0LZnG7
1401-48,トゥウィンクルエンジェルコサージュ,,,アクセサリー,ノーマル,2014,1401,FALSE,https://card.aikatsu.net/cardlist/images/cardlist/cardimg/1401-48.png,http://aikatsu.com/qr/id=A048ZZ300khfOoOBATiIM
1401-49,ミュージカルスコーピオンリボン,,,アクセサリー,レア,2014,1401,FALSE,https://card.aikatsu.net/cardlist/images/cardlist/cardimg/1401-49.png,http://aikatsu.com/qr/id=A050ZZ350kJie2oE0bjCb
1401-50,デビルキャットカチューシャ,,,アクセサリー,ノーマル,2014,1401,FALSE,https://card.aikatsu.net/cardlist/images/cardlist/cardimg/1401-50.png,http://aikatsu.com/qr/id=A051ZZ300nsXQer9ZGizi
1401-51,キングレオクラウン,,,アクセサリー,レア,2014,1401,FALSE,https://card.aikatsu.net/cardlist/images/cardlist/cardimg/1401-51.png,http://aikatsu.com/qr/id=A052ZZ350SE13ES5XIpeF
1401-52,バラエティーピエロハット,,,アクセサリー,ノーマル,2014,1401,FALSE,https://card.aikatsu.net/cardlist/images/cardlist/cardimg/1401-52.png,http://aikatsu.com/qr/id=A054ZZ300p444I9Vnhq36
1402-01,マーメードピスケストップス,キュート,Angely Sugar,トップス,プレミアムレア,2014,1402,FALSE,https://card.aikatsu.net/cardlist/images/cardlist/cardimg/1402-01.png,http://aikatsu.com/qr/id=B001AL7003E0Z4rfCwlQl
1402-CP01,ハートフルレオパードカーデ,キュート,Angely Sugar,トップス,キャンペーンレア,2014,1402,FALSE,https://card.aikatsu.net/cardlist/images/cardlist/cardimg/1402-CP01.png,http://aikatsu.com/qr/id=B053AZ400h1s4I1pIPfmu
1402-02,マーメードピスケススカート,キュート,Angely Sugar,ボトムス,プレミアムレア,2014,1402,FALSE,https://card.aikatsu.net/cardlist/images/cardlist/cardimg/1402-02.png,http://aikatsu.com/qr/id=B002AL7509r4OHa2hawe7
1402-CP02,ハートフルレオパードスカート,キュート,Angely Sugar,ボトムス,キャンペーンレア,2014,1402,FALSE,https://card.aikatsu.net/cardlist/images/cardlist/cardimg/1402-CP02.png,http://aikatsu.com/qr/id=B054AZ350Sp56Iv9stsuM
1402-03,マーメードピスケスサンダル,キュート,Angely Sugar,シューズ,プレミアムレア,2014,1402,FALSE,https://card.aikatsu.net/cardlist/images/cardlist/cardimg/1402-03.png,http://aikatsu.com/qr/id=B003AL700vwGs4AW0CHl8
1402-CP03,ハートフルレオパードブーツ,キュート,Angely Sugar,シューズ,キャンペーンレア,2014,1402,FALSE,https://card.aikatsu.net/cardlist/images/cardlist/cardimg/1402-CP03.png,http://aikatsu.com/qr/id=B055AZ300uscds3ZiEOuD
1402-04,アクアスワントップス,キュート,Angely Sugar,トップス,レア,2014,1402,FALSE,https://card.aikatsu.net/cardlist/images/cardlist/cardimg/1402-04.png,http://aikatsu.com/qr/id=B004AL450ho7Oy4KxmwIr
1402-CP04,ロッキンパイソンジャケット,クール,Swing ROCK,トップス,キャンペーンレア,2014,1402,FALSE,https://card.aikatsu.net/cardlist/images/cardlist/cardimg/1402-CP04.png,http://aikatsu.com/qr/id=B056EZ400UJgE0LzzDf7t
1402-05,アクアスワンスカート,キュート,Angely Sugar,ボトムス,レア,2014,1402,FALSE,https://card.aikatsu.net/cardlist/images/cardlist/cardimg/1402-05.png,http://aikatsu.com/qr/id=B005AL400RhyJyE3Kiq66
1402-CP05,ロッキンパイソンスカート,クール,Swing ROCK,ボトムス,キャンペーンレア,2014,1402,FALSE,https://card.aikatsu.net/cardlist/images/cardlist/cardimg/1402-CP05.png,http://aikatsu.com/qr/id=B057EZ300r26cqtvUGKEZ
1402-06,アクアスワンシューズ,キュート,Angely Sugar,シューズ,レア,2014,1402,FALSE,https://card.aikatsu.net/cardlist/images/cardlist/cardimg/1402-06.png,http://aikatsu.com/qr/id=B006AL350PDQkrqWxZr7E
1402-CP06,ロッキンパイソンブーツ,クール,Swing ROCK,シューズ,キャンペーンレア,2014,1402,FALSE,https://card.aikatsu.net/cardlist/images/cardlist/cardimg/1402-CP06.png,http://aikatsu.com/qr/id=B058EZ350sp6uh8uTEqKH
1402-07,トリプルリボンコートワンピ,キュート,Angely Sugar,トップス&ボトムス,ノーマル,2014,1402,FALSE,https://card.aikatsu.net/cardlist/images/cardlist/cardimg/1402-07.png,http://aikatsu.com/qr/id=B007AZ500SsTWs9aSb6bb
1402-CP07,ネイチャーゼブラベスト,セクシー,Bohemian Sky,トップス,キャンペーンレア,2014,1402,FALSE,https://card.aikatsu.net/cardlist/images/cardlist/cardimg/1402-CP07.png,http://aikatsu.com/qr/id=B059HZ400XsWbJDiBKPSJ
1402-08,リボン柄ボレロトップス,キュート,,トップス,ノーマル,2014,1402,FALSE,https://card.aikatsu.net/cardlist/images/cardlist/cardimg/1402-08.png,http://aikatsu.com/qr/id=B008ZZ200C4RnpCCtmlTQ
1402-CP08,ネイチャーゼブラスカート,セクシー,Bohemian Sky,ボトムス,キャンペーンレア,2014,1402,FALSE,https://card.aikatsu.net/cardlist/images/cardlist/cardimg/1402-CP08.png,http://aikatsu.com/qr/id=B060HZ350FJEIJrfHyeo6
1402-09,イレギュラープリーツスカート,キュート,,ボトムス,ノーマル,2014,1402,FALSE,https://card.aikatsu.net/cardlist/images/cardlist/cardimg/1402-09.png,http://aikatsu.com/qr/id=B009ZZ250fwai1qkd3LGx
1402-CP09,ネイチャーゼブラモカシンブーツ,セクシー,Bohemian Sky,シューズ,キャンペーンレア,2014,1402,FALSE,https://card.aikatsu.net/cardlist/images/cardlist/cardimg/1402-CP09.png,http://aikatsu.com/qr/id=B061HZ300xi2mRKRMknwr
1402-10,ピンクスエードニーハイブーツ,キュート,,シューズ,ノーマル,2014,1402,FALSE,https://card.aikatsu.net/cardlist/images/cardlist/cardimg/1402-10.png,http://aikatsu.com/qr/id=B010ZZ200tpetyenLMXGt
1402-CP10,カラフルジラフシャツ,ポップ,MAGICAL TOY,トップス,キャンペーンレア,2014,1402,FALSE,https://card.aikatsu.net/cardlist/images/cardlist/cardimg/1402-CP10.png,http://aikatsu.com/qr/id=B062JZ300621MidToRSzS
1402-11,ピンキッシュユニオントップス,クール,Swing ROCK,トップス,レア,2014,1402,FALSE,https://card.aikatsu.net/cardlist/images/cardlist/cardimg/1402-11.png,http://aikatsu.com/qr/id=B011EH400qJYLS1KxKoT2
1402-CP11,カラフルジラフスカート,ポップ,MAGICAL TOY,ボトムス,キャンペーンレア,2014,1402,FALSE,https://card.aikatsu.net/cardlist/images/cardlist/cardimg/1402-CP11.png,http://aikatsu.com/qr/id=B063JZ350LJlq25qCy6dH
1402-12,ピンキッシュユニオンスカート,クール,Swing ROCK,ボトムス,レア,2014,1402,FALSE,https://card.aikatsu.net/cardlist/images/cardlist/cardimg/1402-12.png,http://aikatsu.com/qr/id=B012EH450vDFfRTebniK4
1402-CP12,カラフルジラフスニーカー,ポップ,MAGICAL TOY,シューズ,キャンペーンレア,2014,1402,FALSE,https://card.aikatsu.net/cardlist/images/cardlist/cardimg/1402-CP12.png,http://aikatsu.com/qr/id=B064JZ400mJfxyBa6fKX0
1402-13,ピンキッシュユニオンシューズ,クール,Swing ROCK,シューズ,レア,2014,1402,FALSE,https://card.aikatsu.net/cardlist/images/cardlist/cardimg/1402-13.png,http://aikatsu.com/qr/id=B013EH350HJxGwmTIqAmT
1402-14,パンクチェックダッフルコート,クール,Swing ROCK,トップス,ノーマル,2014,1402,FALSE,https://card.aikatsu.net/cardlist/images/cardlist/cardimg/1402-14.png,http://aikatsu.com/qr/id=B014EZ300CpWeArsIL0l8
1402-15,パンクキャットプリントパンツ,クール,Swing ROCK,ボトムス,ノーマル,2014,1402,FALSE,https://card.aikatsu.net/cardlist/images/cardlist/cardimg/1402-15.png,http://aikatsu.com/qr/id=B015EZ200TriftaTfqWBA
1402-16,パンクピンクブーツ,クール,Swing ROCK,シューズ,ノーマル,2014,1402,FALSE,https://card.aikatsu.net/cardlist/images/cardlist/cardimg/1402-16.png,http://aikatsu.com/qr/id=B016EZ2500rGChKYUzoEE
1402-17,インディゴダンガリーシャツ,クール,,トップス,ノーマル,2014,1402,FALSE,https://card.aikatsu.net/cardlist/images/cardlist/cardimg/1402-17.png,http://aikatsu.com/qr/id=B017ZZ250D1KFrhlx1Oli
1402-18,ホワイトレザースカート,クール,,ボトムス,ノーマル,2014,1402,FALSE,https://card.aikatsu.net/cardlist/images/cardlist/cardimg/1402-18.png,http://aikatsu.com/qr/id=B018ZZ20077mYDMcdO6Nt
1402-19,ツート－ンウイングチップシューズ,クール,,シューズ,ノーマル,2014,1402,FALSE,https://card.aikatsu.net/cardlist/images/cardlist/cardimg/1402-19.png,http://aikatsu.com/qr/id=B019ZZ2008peyrviwbfL8
1402-20,ホットサウンドワンピ,クール,Swing ROCK,トップス&ボトムス,ノーマル,2014,1402,FALSE,https://card.aikatsu.net/cardlist/images/cardlist/cardimg/1402-20.png,http://aikatsu.com/qr/id=B020EZ500L11CUEEdSEGM
1402-21,オリエンタルリブラトップス,セクシー,Bohemian Sky,トップス,プレミアムレア,2014,1402,FALSE,https://card.aikatsu.net/cardlist/images/cardlist/cardimg/1402-21.png,http://aikatsu.com/qr/id=B021HG750U4msq2mG7YQH
1402-22,オリエンタルリブラスカート,セクシー,Bohemian Sky,ボトムス,プレミアムレア,2014,1402,FALSE,https://card.aikatsu.net/cardlist/images/cardlist/cardimg/1402-22.png,http://aikatsu.com/qr/id=B022HG700Cp6jey84QwVF
1402-23,オリエンタルリブラサンダル,セクシー,Bohemian Sky,シューズ,プレミアムレア,2014,1402,FALSE,https://card.aikatsu.net/cardlist/images/cardlist/cardimg/1402-23.png,http://aikatsu.com/qr/id=B023HG700s4EqJELY8UZ8
1402-24,アースブレイショントップス,セクシー,Bohemian Sky,トップス,レア,2014,1402,FALSE,https://card.aikatsu.net/cardlist/images/cardlist/cardimg/1402-24.png,http://aikatsu.com/qr/id=B024HG450ipQo1yAB1Kr6
1402-25,アースブレイションショーパン,セクシー,Bohemian Sky,ボトムス,レア,2014,1402,FALSE,https://card.aikatsu.net/cardlist/images/cardlist/cardimg/1402-25.png,http://aikatsu.com/qr/id=B025HG350ii1asmbxyZIT
1402-26,アースブレイショングラディエーター,セクシー,Bohemian Sky,シューズ,レア,2014,1402,FALSE,https://card.aikatsu.net/cardlist/images/cardlist/cardimg/1402-26.png,http://aikatsu.com/qr/id=B026HG4000sLn2VIuRiii
1402-27,セルフストライプフリンジトップス,セクシー,Bohemian Sky,トップス,ノーマル,2014,1402,FALSE,https://card.aikatsu.net/cardlist/images/cardlist/cardimg/1402-27.png,http://aikatsu.com/qr/id=B027HZ300aJmqeomCweQt
1402-28,セルフストライプスカート,セクシー,Bohemian Sky,ボトムス,ノーマル,2014,1402,FALSE,https://card.aikatsu.net/cardlist/images/cardlist/cardimg/1402-28.png,http://aikatsu.com/qr/id=B028HZ250cpHLSSpiTogz
1402-29,セルフストライプボアブーツ,セクシー,Bohemian Sky,シューズ,ノーマル,2014,1402,FALSE,https://card.aikatsu.net/cardlist/images/cardlist/cardimg/1402-29.png,http://aikatsu.com/qr/id=B029HZ200n1Gq7rvX93Bk
1402-30,スカーレットロゼジャケット,セクシー,Spicy Ageha,トップス,レア,2014,1402,FALSE,https://card.aikatsu.net/cardlist/images/cardlist/cardimg/1402-30.png,http://aikatsu.com/qr/id=B030FE45072dFh6ujJ58J
1402-31,スカーレットロゼパンツ,セクシー,Spicy Ageha,ボトムス,レア,2014,1402,FALSE,https://card.aikatsu.net/cardlist/images/cardlist/cardimg/1402-31.png,http://aikatsu.com/qr/id=B031FE4002rENtZJ7Yr4M
1402-32,スカーレットロゼハイヒール,セクシー,Spicy Ageha,シューズ,レア,2014,1402,FALSE,https://card.aikatsu.net/cardlist/images/cardlist/cardimg/1402-32.png,http://aikatsu.com/qr/id=B032FE3508JhuxTGvjf58
1402-33,セットアップツイードジャケット,セクシー,,トップス,ノーマル,2014,1402,FALSE,https://card.aikatsu.net/cardlist/images/cardlist/cardimg/1402-33.png,http://aikatsu.com/qr/id=B033ZZ200QrQYwBMIPKTH
1402-34,セットアップツイードショーパン,セクシー,,ボトムス,ノーマル,2014,1402,FALSE,https://card.aikatsu.net/cardlist/images/cardlist/cardimg/1402-34.png,http://aikatsu.com/qr/id=B034ZZ250I1BcUJ8JB62u
1402-35,ピンクベージュゴアブーティー,セクシー,,シューズ,ノーマル,2014,1402,FALSE,https://card.aikatsu.net/cardlist/images/cardlist/cardimg/1402-35.png,http://aikatsu.com/qr/id=B035ZZ200no9cIwPAs0TZ
1402-36,ユニコーンサジットトップス,ポップ,MAGICAL TOY,トップス,プレミアムレア,2014,1402,FALSE,https://card.aikatsu.net/cardlist/images/cardlist/cardimg/1402-36.png,http://aikatsu.com/qr/id=B036JI700EwZ3p0v6K5z4
1402-37,ユニコーンサジットスカート,ポップ,MAGICAL TOY,ボトムス,プレミアムレア,2014,1402,FALSE,https://card.aikatsu.net/cardlist/images/cardlist/cardimg/1402-37.png,http://aikatsu.com/qr/id=B037JI700L70zxSiXlmeF
1402-38,ユニコーンサジットブーツ,ポップ,MAGICAL TOY,シューズ,プレミアムレア,2014,1402,FALSE,https://card.aikatsu.net/cardlist/images/cardlist/cardimg/1402-38.png,http://aikatsu.com/qr/id=B038JI750CixTAF2Wlsvz
1402-39,パラレルハンタートップス,ポップ,MAGICAL TOY,トップス,レア,2014,1402,FALSE,https://card.aikatsu.net/cardlist/images/cardlist/cardimg/1402-39.png,http://aikatsu.com/qr/id=B039JI400ChA6hxpBzoEl
1402-40,パラレルハンタースカート,ポップ,MAGICAL TOY,ボトムス,レア,2014,1402,FALSE,https://card.aikatsu.net/cardlist/images/cardlist/cardimg/1402-40.png,http://aikatsu.com/qr/id=B040JI350f2Sr7G2IlqCv
1402-41,パラレルハンターショートブーツ,ポップ,MAGICAL TOY,シューズ,レア,2014,1402,FALSE,https://card.aikatsu.net/cardlist/images/cardlist/cardimg/1402-41.png,http://aikatsu.com/qr/id=B041JI4504iHC1lCjGnxQ
1402-42,チョコポップスクープマント,ポップ,MAGICAL TOY,トップス,ノーマル,2014,1402,FALSE,https://card.aikatsu.net/cardlist/images/cardlist/cardimg/1402-42.png,http://aikatsu.com/qr/id=B042JZ300krrf7FTf4I1T
1402-43,チョコポップスクープスカート,ポップ,MAGICAL TOY,ボトムス,ノーマル,2014,1402,FALSE,https://card.aikatsu.net/cardlist/images/cardlist/cardimg/1402-43.png,http://aikatsu.com/qr/id=B043JZ200liedJG4GOOY4
1402-44,チョコポップスクープブーツ,ポップ,MAGICAL TOY,シューズ,ノーマル,2014,1402,FALSE,https://card.aikatsu.net/cardlist/images/cardlist/cardimg/1402-44.png,http://aikatsu.com/qr/id=B044JZ250mpNRUXMqNqTW
1402-45,フィッシャーマンセーター,ポップ,,トップス,ノーマル,2014,1402,FALSE,https://card.aikatsu.net/cardlist/images/cardlist/cardimg/1402-45.png,http://aikatsu.com/qr/id=B045ZZ250hh7d7dCIziAw
1402-46,ピンクコーデュロイショーパン,ポップ,,ボトムス,ノーマル,2014,1402,FALSE,https://card.aikatsu.net/cardlist/images/cardlist/cardimg/1402-46.png,http://aikatsu.com/qr/id=B046ZZ200KVHr2k14sfGN
1402-47,ミントカラームートンブーツ,ポップ,,シューズ,ノーマル,2014,1402,FALSE,https://card.aikatsu.net/cardlist/images/cardlist/cardimg/1402-47.png,http://aikatsu.com/qr/id=B047ZZ200owWhuJsHQYwW
1402-48,マーメードピスケスカチューシャ,,,アクセサリー,レア,2014,1402,FALSE,https://card.aikatsu.net/cardlist/images/cardlist/cardimg/1402-48.png,http://aikatsu.com/qr/id=B048ZZ3508VubuC1Vs9RB
1402-49,ユニオンジャックカチューシャ,,,アクセサリー,ノーマル,2014,1402,FALSE,https://card.aikatsu.net/cardlist/images/cardlist/cardimg/1402-49.png,http://aikatsu.com/qr/id=B049ZZ300RDzWt9NACLib
1402-50,オリエンタルリブラヒッピーバンド,,,アクセサリー,レア,2014,1402,FALSE,https://card.aikatsu.net/cardlist/images/cardlist/cardimg/1402-50.png,http://aikatsu.com/qr/id=B050ZZ350NJ7jDZVJBP1M
1402-51,ユニコーンサジットリボン,,,アクセサリー,レア,2014,1402,FALSE,https://card.aikatsu.net/cardlist/images/cardlist/cardimg/1402-51.png,http://aikatsu.com/qr/id=B051ZZ350GJcX4ooZEwcE
1402-52,チョコポップスクープハット,,,アクセサリー,ノーマル,2014,1402,FALSE,https://card.aikatsu.net/cardlist/images/cardlist/cardimg/1402-52.png,http://aikatsu.com/qr/id=B052ZZ300thh9evrZP7ca
1403-01,チロリアンアリエストップス,キュート,Aurora Fantasy,トップス,プレミアムレア,2014,1403,FALSE,https://card.aikatsu.net/cardlist/images/cardlist/cardimg/1403-01.png,http://aikatsu.com/qr/id=C001BA750n1iq2rKa7YbN
1403-CP01,エンジェリーバニーティアラ,,Angely Sugar,アクセサリー,キャンペーンレア,2014,1403,FALSE,https://card.aikatsu.net/cardlist/images/cardlist/cardimg/1403-CP01.png,http://aikatsu.com/qr/id=C053ZZ300PJvwWahLmcNx
1403-02,チロリアンアリエススカート,キュート,Aurora Fantasy,ボトムス,プレミアムレア,2014,1403,FALSE,https://card.aikatsu.net/cardlist/images/cardlist/cardimg/1403-02.png,http://aikatsu.com/qr/id=C002BA700b2xRtGJEg340
1403-CP02,オーロラキャッスル,,Aurora Fantasy,アクセサリー,キャンペーンレア,2014,1403,FALSE,https://card.aikatsu.net/cardlist/images/cardlist/cardimg/1403-CP02.png,http://aikatsu.com/qr/id=C054ZZ300nsczt9JlOmia
1403-03,チロリアンアリエスブーツ,キュート,Aurora Fantasy,シューズ,プレミアムレア,2014,1403,FALSE,https://card.aikatsu.net/cardlist/images/cardlist/cardimg/1403-03.png,http://aikatsu.com/qr/id=C003BA700YpogVbVgr7lO
1403-CP03,オーロラキャッスル,,Aurora Fantasy,アクセサリー,キャンペーンレア,2014,1403,FALSE,https://card.aikatsu.net/cardlist/images/cardlist/cardimg/1403-CP03.png,http://aikatsu.com/qr/id=C054ZZ300v7sLRZd2EsVO
1403-04,プリンセスメルヘンブラウス,キュート,Aurora Fantasy,トップス,レア,2014,1403,FALSE,https://card.aikatsu.net/cardlist/images/cardlist/cardimg/1403-04.png,http://aikatsu.com/qr/id=C004BA400GDSuVTJgGYON
1403-CP04,フューチャリングインカム,,FUTURING GIRL,アクセサリー,キャンペーンレア,2014,1403,FALSE,https://card.aikatsu.net/cardlist/images/cardlist/cardimg/1403-CP04.png,http://aikatsu.com/qr/id=C055ZZ300NhzictW2euD8
1403-05,プリンセスメルヘンスカート,キュート,Aurora Fantasy,ボトムス,レア,2014,1403,FALSE,https://card.aikatsu.net/cardlist/images/cardlist/cardimg/1403-05.png,http://aikatsu.com/qr/id=C005BA4508w5F7pyne7Nz
1403-CP05,フューチャリングインカム,,FUTURING GIRL,アクセサリー,キャンペーンレア,2014,1403,FALSE,https://card.aikatsu.net/cardlist/images/cardlist/cardimg/1403-CP05.png,http://aikatsu.com/qr/id=C055ZZ300orWltf1l9sO4
1403-06,プリンセスメルヘンブーティー,キュート,Aurora Fantasy,シューズ,レア,2014,1403,FALSE,https://card.aikatsu.net/cardlist/images/cardlist/cardimg/1403-06.png,http://aikatsu.com/qr/id=C006BA350tDcLqD31Osq4
1403-CP06,ロリゴシックホワイトブリム,,LoLi GoThiC,アクセサリー,キャンペーンレア,2014,1403,FALSE,https://card.aikatsu.net/cardlist/images/cardlist/cardimg/1403-CP06.png,http://aikatsu.com/qr/id=C056ZZ300vi4oDP4zwLyj
1403-07,ラブリーキスミートップス,キュート,Angely Sugar,トップス,レア,2014,1403,FALSE,https://card.aikatsu.net/cardlist/images/cardlist/cardimg/1403-07.png,http://aikatsu.com/qr/id=C007AL450n2XwUplYZc98
1403-CP07,スイングロッククラウン,,Swing ROCK,アクセサリー,キャンペーンレア,2014,1403,FALSE,https://card.aikatsu.net/cardlist/images/cardlist/cardimg/1403-CP07.png,http://aikatsu.com/qr/id=C057ZZ3002E9CerAuZsFF
1403-08,ラブリーキスミースカート,キュート,Angely Sugar,ボトムス,レア,2014,1403,FALSE,https://card.aikatsu.net/cardlist/images/cardlist/cardimg/1403-08.png,http://aikatsu.com/qr/id=C008AL400YJ2RyxswwuB8
1403-CP08,アゲハトークハット,,Spicy Ageha,アクセサリー,キャンペーンレア,2014,1403,FALSE,https://card.aikatsu.net/cardlist/images/cardlist/cardimg/1403-CP08.png,http://aikatsu.com/qr/id=C058ZZ300MEyhtC2l7NC8
1403-09,ラブリーキスミーシューズ,キュート,Angely Sugar,シューズ,レア,2014,1403,FALSE,https://card.aikatsu.net/cardlist/images/cardlist/cardimg/1403-09.png,http://aikatsu.com/qr/id=C009AL350Rpze4oFhvcf3
1403-CP09,ボヘミアンサークレット,,Bohemian Sky,アクセサリー,キャンペーンレア,2014,1403,FALSE,https://card.aikatsu.net/cardlist/images/cardlist/cardimg/1403-CP09.png,http://aikatsu.com/qr/id=C059ZZ300e7LDVbeCteNx
1403-10,ファンタジックフラワーワンピ,キュート,Aurora Fantasy,トップス&ボトムス,ノーマル,2014,1403,FALSE,https://card.aikatsu.net/cardlist/images/cardlist/cardimg/1403-10.png,http://aikatsu.com/qr/id=C010BZ500rRZcJpvGSuhb
1403-CP10,レインボーアイスカチューシャ,,HAPPY RAINBOW,アクセサリー,キャンペーンレア,2014,1403,FALSE,https://card.aikatsu.net/cardlist/images/cardlist/cardimg/1403-CP10.png,http://aikatsu.com/qr/id=C060ZZ300Q2pjA1K7DEXr
1403-11,マシュマロハートニット,キュート,,トップス,ノーマル,2014,1403,FALSE,https://card.aikatsu.net/cardlist/images/cardlist/cardimg/1403-11.png,http://aikatsu.com/qr/id=C011ZZ2001pA5WLDyQ9W4
1403-CP11,マジカルジャックインザボックス,,MAGICAL TOY,アクセサリー,キャンペーンレア,2014,1403,FALSE,https://card.aikatsu.net/cardlist/images/cardlist/cardimg/1403-CP11.png,http://aikatsu.com/qr/id=C061ZZ300viPk0Tadqp0a
1403-12,ラベンダーカプリパンツ,キュート,,ボトムス,ノーマル,2014,1403,FALSE,https://card.aikatsu.net/cardlist/images/cardlist/cardimg/1403-12.png,http://aikatsu.com/qr/id=C012ZZ200eoPPxnefereO
1403-CP12,マジカルジャックインザボックス,,MAGICAL TOY,アクセサリー,キャンペーンレア,2014,1403,FALSE,https://card.aikatsu.net/cardlist/images/cardlist/cardimg/1403-CP12.png,http://aikatsu.com/qr/id=C061ZZ300kouBAsEfPr4z
1403-13,ピンクファーパンプス,キュート,,シューズ,ノーマル,2014,1403,FALSE,https://card.aikatsu.net/cardlist/images/cardlist/cardimg/1403-13.png,http://aikatsu.com/qr/id=C013ZZ250nRCwrs89qci6
1403-14,クリスタルアクエリアストップス,クール,FUTURING GIRL,トップス,プレミアムレア,2014,1403,FALSE,https://card.aikatsu.net/cardlist/images/cardlist/cardimg/1403-14.png,http://aikatsu.com/qr/id=C014CK700KptwJAnHIfpj
1403-15,クリスタルアクエリアススカート,クール,FUTURING GIRL,ボトムス,プレミアムレア,2014,1403,FALSE,https://card.aikatsu.net/cardlist/images/cardlist/cardimg/1403-15.png,http://aikatsu.com/qr/id=C015CK750NDHIp9h9Z6CZ
1403-16,クリスタルアクエリアスブーツ,クール,FUTURING GIRL,シューズ,プレミアムレア,2014,1403,FALSE,https://card.aikatsu.net/cardlist/images/cardlist/cardimg/1403-16.png,http://aikatsu.com/qr/id=C016CK700YJ0Wv8JwT6M8
1403-17,スノーフレークトップス,クール,FUTURING GIRL,トップス,レア,2014,1403,FALSE,https://card.aikatsu.net/cardlist/images/cardlist/cardimg/1403-17.png,http://aikatsu.com/qr/id=C017CK350BVshYQ1MTc5u
1403-18,スノーフレークスカート,クール,FUTURING GIRL,ボトムス,レア,2014,1403,FALSE,https://card.aikatsu.net/cardlist/images/cardlist/cardimg/1403-18.png,http://aikatsu.com/qr/id=C018CK400ooZY2qI056rW
1403-19,スノーフレークシューズ,クール,FUTURING GIRL,シューズ,レア,2014,1403,FALSE,https://card.aikatsu.net/cardlist/images/cardlist/cardimg/1403-19.png,http://aikatsu.com/qr/id=C019CK450uwbhsaUKPfRH
1403-20,スターロックワンピース,クール,Swing ROCK,トップス&ボトムス,ノーマル,2014,1403,FALSE,https://card.aikatsu.net/cardlist/images/cardlist/cardimg/1403-20.png,http://aikatsu.com/qr/id=C020EZ550qrZDyHOPRLAu
1403-21,スターロックブーツ,クール,Swing ROCK,シューズ,ノーマル,2014,1403,FALSE,https://card.aikatsu.net/cardlist/images/cardlist/cardimg/1403-21.png,http://aikatsu.com/qr/id=C021EZ25051AuyioKTYNZ
1403-22,ドリームロックワンピース,クール,Swing ROCK,トップス&ボトムス,ノーマル,2014,1403,FALSE,https://card.aikatsu.net/cardlist/images/cardlist/cardimg/1403-22.png,http://aikatsu.com/qr/id=C022EZ550BRtWEcKAYuAu
1403-23,ドリームロックブーツ,クール,Swing ROCK,シューズ,ノーマル,2014,1403,FALSE,https://card.aikatsu.net/cardlist/images/cardlist/cardimg/1403-23.png,http://aikatsu.com/qr/id=C023EZ250DwDbtjCvqtxe
1403-24,トレジャーマップべスト,クール,Swing ROCK,トップス,ノーマル,2014,1403,FALSE,https://card.aikatsu.net/cardlist/images/cardlist/cardimg/1403-24.png,http://aikatsu.com/qr/id=C024EZ3002pRfUy7HC7na
1403-25,トレジャーマップスカート,クール,Swing ROCK,ボトムス,ノーマル,2014,1403,FALSE,https://card.aikatsu.net/cardlist/images/cardlist/cardimg/1403-25.png,http://aikatsu.com/qr/id=C025EZ200EEgLDdqUOOOE
1403-26,トレジャーマップブーツ,クール,Swing ROCK,シューズ,ノーマル,2014,1403,FALSE,https://card.aikatsu.net/cardlist/images/cardlist/cardimg/1403-26.png,http://aikatsu.com/qr/id=C026EZ250dJvzEoXlKEmz
1403-27,アイスカラーブロッキングニット,クール,,トップス,ノーマル,2014,1403,FALSE,https://card.aikatsu.net/cardlist/images/cardlist/cardimg/1403-27.png,http://aikatsu.com/qr/id=C027ZZ250oh814EAClYR3
1403-28,ブラックキルティングスカート,クール,,ボトムス,ノーマル,2014,1403,FALSE,https://card.aikatsu.net/cardlist/images/cardlist/cardimg/1403-28.png,http://aikatsu.com/qr/id=C028ZZ200c4TJ2ElMgYob
1403-29,アイスカラーチップシューズ,クール,,シューズ,ノーマル,2014,1403,FALSE,https://card.aikatsu.net/cardlist/images/cardlist/cardimg/1403-29.png,http://aikatsu.com/qr/id=C029ZZ200w2JVce728LVH
1403-30,アラベスクジャスティスカーデ,セクシー,Bohemian Sky,トップス,レア,2014,1403,FALSE,https://card.aikatsu.net/cardlist/images/cardlist/cardimg/1403-30.png,http://aikatsu.com/qr/id=C030HG400SoBm0FuTgOe1
1403-31,アラベスクジャスティススカート,セクシー,Bohemian Sky,ボトムス,レア,2014,1403,FALSE,https://card.aikatsu.net/cardlist/images/cardlist/cardimg/1403-31.png,http://aikatsu.com/qr/id=C031HG4502rwZrs763w4z
1403-32,アラベスクジャスティスニットブーツ,セクシー,Bohemian Sky,シューズ,レア,2014,1403,FALSE,https://card.aikatsu.net/cardlist/images/cardlist/cardimg/1403-32.png,http://aikatsu.com/qr/id=C032HG350hpIlRfhQXrSr
1403-33,ボーヌプルミエファーボレロ,セクシー,Spicy Ageha,トップス,ノーマル,2014,1403,FALSE,https://card.aikatsu.net/cardlist/images/cardlist/cardimg/1403-33.png,http://aikatsu.com/qr/id=C033FZ300xsFiuKjdV3dt
1403-34,ボーヌプルミエスカート,セクシー,Spicy Ageha,ボトムス,ノーマル,2014,1403,FALSE,https://card.aikatsu.net/cardlist/images/cardlist/cardimg/1403-34.png,http://aikatsu.com/qr/id=C034FZ200l4Ekce6ebot1
1403-35,ボーヌプルミエパンプス,セクシー,Spicy Ageha,シューズ,ノーマル,2014,1403,FALSE,https://card.aikatsu.net/cardlist/images/cardlist/cardimg/1403-35.png,http://aikatsu.com/qr/id=C035FZ250A20j10KGyP3J
1403-36,バックデザイントップス,セクシー,,トップス,ノーマル,2014,1403,FALSE,https://card.aikatsu.net/cardlist/images/cardlist/cardimg/1403-36.png,http://aikatsu.com/qr/id=C036ZZ200uDXx0KQBFUT0
1403-37,ガーネットカラースカート,セクシー,,ボトムス,ノーマル,2014,1403,FALSE,https://card.aikatsu.net/cardlist/images/cardlist/cardimg/1403-37.png,http://aikatsu.com/qr/id=C037ZZ250eshnDCCNtyZf
1403-38,アンクルストラップパンプス,セクシー,,シューズ,ノーマル,2014,1403,FALSE,https://card.aikatsu.net/cardlist/images/cardlist/cardimg/1403-38.png,http://aikatsu.com/qr/id=C038ZZ20081kq4iSCJfNu
1403-39,フォークロアキリムワンピ,セクシー,Bohemian Sky,トップス&ボトムス,レア,2014,1403,FALSE,https://card.aikatsu.net/cardlist/images/cardlist/cardimg/1403-39.png,http://aikatsu.com/qr/id=C039HZ600lsofiYfKTrh7
1403-40,ハニージョーカーブラウス,ポップ,MAGICAL TOY,トップス,レア,2014,1403,FALSE,https://card.aikatsu.net/cardlist/images/cardlist/cardimg/1403-40.png,http://aikatsu.com/qr/id=C040JI450cJbDwEWpeXD3
1403-41,ハニージョーカーパンツ,ポップ,MAGICAL TOY,ボトムス,レア,2014,1403,FALSE,https://card.aikatsu.net/cardlist/images/cardlist/cardimg/1403-41.png,http://aikatsu.com/qr/id=C041JI400U4Glel0bbneB
1403-42,ハニージョーカーブーツ,ポップ,MAGICAL TOY,シューズ,レア,2014,1403,FALSE,https://card.aikatsu.net/cardlist/images/cardlist/cardimg/1403-42.png,http://aikatsu.com/qr/id=C042JI350r7kuuykHxep6
1403-43,デコラッピングトップス,ポップ,MAGICAL TOY,トップス,ノーマル,2014,1403,FALSE,https://card.aikatsu.net/cardlist/images/cardlist/cardimg/1403-43.png,http://aikatsu.com/qr/id=C043JZ300qErEHREM9csY
1403-44,デコラッピングスカート,ポップ,MAGICAL TOY,ボトムス,ノーマル,2014,1403,FALSE,https://card.aikatsu.net/cardlist/images/cardlist/cardimg/1403-44.png,http://aikatsu.com/qr/id=C044JZ2504pDpso6xQqTk
1403-45,デコラッピングブーツ,ポップ,MAGICAL TOY,シューズ,ノーマル,2014,1403,FALSE,https://card.aikatsu.net/cardlist/images/cardlist/cardimg/1403-45.png,http://aikatsu.com/qr/id=C045JZ2007EROsR7t9OF1
1403-46,カラフルマウンテンブルゾン,ポップ,,トップス,ノーマル,2014,1403,FALSE,https://card.aikatsu.net/cardlist/images/cardlist/cardimg/1403-46.png,http://aikatsu.com/qr/id=C046ZZ200j1tHsWotFfy6
1403-47,カラフルボーダースカート,ポップ,,ボトムス,ノーマル,2014,1403,FALSE,https://card.aikatsu.net/cardlist/images/cardlist/cardimg/1403-47.png,http://aikatsu.com/qr/id=C047ZZ200CR4O07sqD7ml
1403-48,ボーダーソックスつきトレッキングシューズ,ポップ,,シューズ,ノーマル,2014,1403,FALSE,https://card.aikatsu.net/cardlist/images/cardlist/cardimg/1403-48.png,http://aikatsu.com/qr/id=C048ZZ250SELyoxI7be26
1403-49,チロリアンアリエスティアラ,,,アクセサリー,レア,2014,1403,FALSE,https://card.aikatsu.net/cardlist/images/cardlist/cardimg/1403-49.png,http://aikatsu.com/qr/id=C049ZZ3509pORqR8jSKn0
1403-50,クリスタルアクエリアスクラウン,,,アクセサリー,レア,2014,1403,FALSE,https://card.aikatsu.net/cardlist/images/cardlist/cardimg/1403-50.png,http://aikatsu.com/qr/id=C050ZZ350k4VdqrsGJwDa
1403-51,アラベスクウールコサージュ,,,アクセサリー,ノーマル,2014,1403,FALSE,https://card.aikatsu.net/cardlist/images/cardlist/cardimg/1403-51.png,http://aikatsu.com/qr/id=C051ZZ30084jxHmBQ6jEj
1403-52,ハニージョーカーホーン,,,アクセサリー,ノーマル,2014,1403,FALSE,https://card.aikatsu.net/cardlist/images/cardlist/cardimg/1403-52.png,http://aikatsu.com/qr/id=C052ZZ3008J4x2ApbJu1W
1404-01,フローラルアルプスコルセット,キュート,Aurora Fantasy,トップス,レア,2014,1404,FALSE,https://card.aikatsu.net/cardlist/images/cardlist/cardimg/1404-01.png,http://aikatsu.com/qr/id=D001BA450vRngvFd6Gifz
1404-CP01,サマーデイムーンドレス,ポップ,Vivid Kiss,トップス&ボトムス,キャンペーンレア,2014,1404,FALSE,https://card.aikatsu.net/cardlist/images/cardlist/cardimg/1404-CP01.png,http://aikatsu.com/qr/id=D053KZ800hhsFv2ISxFb7
1404-CP01_81429,サマーデイムーンドレス,ポップ,Vivid Kiss,トップス&ボトムス,キャンペーンレア,2014,1404,FALSE,https://card.aikatsu.net/cardlist/images/cardlist/cardimg/1404-CP01_81429.png,http://aikatsu.com/qr/id=D053KZ800hhsFv2ISxFb7
1404-02,フローラルアルプススカート,キュート,Aurora Fantasy,ボトムス,レア,2014,1404,FALSE,https://card.aikatsu.net/cardlist/images/cardlist/cardimg/1404-02.png,http://aikatsu.com/qr/id=D002BA400pptrUp9Gt6d3
1404-CP02,サマーデイムーンサンダル,ポップ,Vivid Kiss,シューズ,キャンペーンレア,2014,1404,FALSE,https://card.aikatsu.net/cardlist/images/cardlist/cardimg/1404-CP02.png,http://aikatsu.com/qr/id=D054KZ500locy2GYhKYL0
1404-03,フローラルアルプスパンプス,キュート,Aurora Fantasy,シューズ,レア,2014,1404,FALSE,https://card.aikatsu.net/cardlist/images/cardlist/cardimg/1404-03.png,http://aikatsu.com/qr/id=D003BA350tVAAJEtTqHzk
1404-CP03,サマーデイムーンリボン,,,アクセサリー,キャンペーンレア,2014,1404,FALSE,https://card.aikatsu.net/cardlist/images/cardlist/cardimg/1404-CP03.png,http://aikatsu.com/qr/id=D055ZZ300RiWkDTu1Sr1B
1404-04,スプリングシャワートップス,キュート,Angely Sugar,トップス,ノーマル,2014,1404,FALSE,https://card.aikatsu.net/cardlist/images/cardlist/cardimg/1404-04.png,http://aikatsu.com/qr/id=D004AZ300o1XTxzJXhEX7
1404-CP04,サマーデイミラクルドレス,ポップ,Vivid Kiss,トップス&ボトムス,キャンペーンレア,2014,1404,FALSE,https://card.aikatsu.net/cardlist/images/cardlist/cardimg/1404-CP04.png,http://aikatsu.com/qr/id=D056KZ800q79ZuJoREED2
1404-CP04_81430,サマーデイミラクルドレス,ポップ,Vivid Kiss,トップス&ボトムス,キャンペーンレア,2014,1404,FALSE,https://card.aikatsu.net/cardlist/images/cardlist/cardimg/1404-CP04_81430.png,http://aikatsu.com/qr/id=D056KZ800q79ZuJoREED2
1404-05,スプリングシャワースカート,キュート,Angely Sugar,ボトムス,ノーマル,2014,1404,FALSE,https://card.aikatsu.net/cardlist/images/cardlist/cardimg/1404-05.png,http://aikatsu.com/qr/id=D005AZ200rr9kHPZ4r7Rn
1404-CP05,サマーデイミラクルサンダル,ポップ,Vivid Kiss,シューズ,キャンペーンレア,2014,1404,FALSE,https://card.aikatsu.net/cardlist/images/cardlist/cardimg/1404-CP05.png,http://aikatsu.com/qr/id=D057KZ500irZ5uEiNlowB
1404-06,スプリングシャワーウエッジソール,キュート,Angely Sugar,シューズ,ノーマル,2014,1404,FALSE,https://card.aikatsu.net/cardlist/images/cardlist/cardimg/1404-06.png,http://aikatsu.com/qr/id=D006AZ250oi3Wo3D7461t
1404-CP06,サマーデイミラクルリボン,,,アクセサリー,キャンペーンレア,2014,1404,FALSE,https://card.aikatsu.net/cardlist/images/cardlist/cardimg/1404-CP06.png,http://aikatsu.com/qr/id=D058ZZ300Hit3VmQCc5Vr
1404-07,花柄フェミニントップス,キュート,,トップス,ノーマル,2014,1404,FALSE,https://card.aikatsu.net/cardlist/images/cardlist/cardimg/1404-07.png,http://aikatsu.com/qr/id=D007ZZ250jiHFJSIUq7Iz
1404-CP07,サマーナイトムーンドレス,セクシー,LOVE MOONRISE,トップス&ボトムス,キャンペーンレア,2014,1404,FALSE,https://card.aikatsu.net/cardlist/images/cardlist/cardimg/1404-CP07.png,http://aikatsu.com/qr/id=D059LZ800LwVhvF0K2Kgj
1404-CP07_81431,サマーナイトムーンドレス,セクシー,LOVE MOONRISE,トップス&ボトムス,キャンペーンレア,2014,1404,FALSE,https://card.aikatsu.net/cardlist/images/cardlist/cardimg/1404-CP07_81431.png,http://aikatsu.com/qr/id=D059LZ800LwVhvF0K2Kgj
1404-08,レーシーショートパンツ,キュート,,ボトムス,ノーマル,2014,1404,FALSE,https://card.aikatsu.net/cardlist/images/cardlist/cardimg/1404-08.png,http://aikatsu.com/qr/id=D008ZZ200rR2HvZMikcRZ
1404-CP08,サマーナイトムーンサンダル,セクシー,LOVE MOONRISE,シューズ,キャンペーンレア,2014,1404,FALSE,https://card.aikatsu.net/cardlist/images/cardlist/cardimg/1404-CP08.png,http://aikatsu.com/qr/id=D060LZ500isObRTbQvOiQ
1404-09,ストラップリボンコルクウエッジ,キュート,,シューズ,ノーマル,2014,1404,FALSE,https://card.aikatsu.net/cardlist/images/cardlist/cardimg/1404-09.png,http://aikatsu.com/qr/id=D009ZZ200HhnTumDRJ9Dl
1404-CP09,サマーナイトムーンアクセ,,,アクセサリー,キャンペーンレア,2014,1404,FALSE,https://card.aikatsu.net/cardlist/images/cardlist/cardimg/1404-CP09.png,http://aikatsu.com/qr/id=D061ZZ3006wyo2ixbA01b
1404-10,ウィンドーペーンチェックワンピ,キュート,,トップス&ボトムス,ノーマル,2014,1404,FALSE,https://card.aikatsu.net/cardlist/images/cardlist/cardimg/1404-10.png,http://aikatsu.com/qr/id=D010ZZ400TrWTr1l9IES7
1404-CP10,サマーナイトミラクルドレス,セクシー,LOVE MOONRISE,トップス&ボトムス,キャンペーンレア,2014,1404,FALSE,https://card.aikatsu.net/cardlist/images/cardlist/cardimg/1404-CP10.png,http://aikatsu.com/qr/id=D062LZ800XsBCu6TUWSSU
1404-CP10_81432,サマーナイトミラクルドレス,セクシー,LOVE MOONRISE,トップス&ボトムス,キャンペーンレア,2014,1404,FALSE,https://card.aikatsu.net/cardlist/images/cardlist/cardimg/1404-CP10_81432.png,http://aikatsu.com/qr/id=D062LZ800XsBCu6TUWSSU
1404-11,アストロジャートップス,クール,FUTURING GIRL,トップス,レア,2014,1404,FALSE,https://card.aikatsu.net/cardlist/images/cardlist/cardimg/1404-11.png,http://aikatsu.com/qr/id=D011CK400yiIJoTcX9qJ3
1404-CP11,サマーナイトミラクルサンダル,セクシー,LOVE MOONRISE,シューズ,キャンペーンレア,2014,1404,FALSE,https://card.aikatsu.net/cardlist/images/cardlist/cardimg/1404-CP11.png,http://aikatsu.com/qr/id=D063LZ500SEpO77A845tM
1404-12,アストロジャースカート,クール,FUTURING GIRL,ボトムス,レア,2014,1404,FALSE,https://card.aikatsu.net/cardlist/images/cardlist/cardimg/1404-12.png,http://aikatsu.com/qr/id=D012CK350vD0wcplgV6Cj
1404-CP12,サマーナイトミラクルアクセ,,,アクセサリー,キャンペーンレア,2014,1404,FALSE,https://card.aikatsu.net/cardlist/images/cardlist/cardimg/1404-CP12.png,http://aikatsu.com/qr/id=D064ZZ300HEL0hbhz73E6
1404-13,アストロジャーブーツ,クール,FUTURING GIRL,シューズ,レア,2014,1404,FALSE,https://card.aikatsu.net/cardlist/images/cardlist/cardimg/1404-13.png,http://aikatsu.com/qr/id=D013CK450ZsMv0LRj3Nvv
1404-14,マドラスチェックジャケット,クール,Swing ROCK,トップス,ノーマル,2014,1404,FALSE,https://card.aikatsu.net/cardlist/images/cardlist/cardimg/1404-14.png,http://aikatsu.com/qr/id=D014EZ250AJLQcsiCCFQa
1404-15,マドラスチェックショーパン,クール,Swing ROCK,ボトムス,ノーマル,2014,1404,FALSE,https://card.aikatsu.net/cardlist/images/cardlist/cardimg/1404-15.png,http://aikatsu.com/qr/id=D015EZ300rpGkUvwqx57z
1404-16,ツートーンノートスニーカー,クール,Swing ROCK,シューズ,ノーマル,2014,1404,FALSE,https://card.aikatsu.net/cardlist/images/cardlist/cardimg/1404-16.png,http://aikatsu.com/qr/id=D016EZ200pih6HmeC9nQE
1404-17,ツートーンミニブルゾン,クール,,トップス,ノーマル,2014,1404,FALSE,https://card.aikatsu.net/cardlist/images/cardlist/cardimg/1404-17.png,http://aikatsu.com/qr/id=D017ZZ200RiJMSvWxMpSF
1404-18,カラフルネオンパンツ,クール,,ボトムス,ノーマル,2014,1404,FALSE,https://card.aikatsu.net/cardlist/images/cardlist/cardimg/1404-18.png,http://aikatsu.com/qr/id=D018ZZ250MRkDulDBxK73
1404-19,スケルトンミュールサンダル,クール,,シューズ,ノーマル,2014,1404,FALSE,https://card.aikatsu.net/cardlist/images/cardlist/cardimg/1404-19.png,http://aikatsu.com/qr/id=D019ZZ200RE8C27r0ZOlz
1404-20,ミステリアスヴァルゴトップス,セクシー,LOVE MOONRISE,トップス,プレミアムレア,2014,1404,FALSE,https://card.aikatsu.net/cardlist/images/cardlist/cardimg/1404-20.png,http://aikatsu.com/qr/id=D020LF700SoDzexPawssO
1404-21,ミステリアスヴァルゴスカート,セクシー,LOVE MOONRISE,ボトムス,プレミアムレア,2014,1404,FALSE,https://card.aikatsu.net/cardlist/images/cardlist/cardimg/1404-21.png,http://aikatsu.com/qr/id=D021LF7004wYYsbYoF0c8
1404-22,ミステリアスヴァルゴブーツ,セクシー,LOVE MOONRISE,シューズ,プレミアムレア,2014,1404,FALSE,https://card.aikatsu.net/cardlist/images/cardlist/cardimg/1404-22.png,http://aikatsu.com/qr/id=D022LF75054dgIvnf6sfB
1404-23,ムーンカクタスワンショルダー,セクシー,LOVE MOONRISE,トップス,レア,2014,1404,FALSE,https://card.aikatsu.net/cardlist/images/cardlist/cardimg/1404-23.png,http://aikatsu.com/qr/id=D023LF4502pub2xvMlnWm
1404-24,ムーンカクタススカート,セクシー,LOVE MOONRISE,ボトムス,レア,2014,1404,FALSE,https://card.aikatsu.net/cardlist/images/cardlist/cardimg/1404-24.png,http://aikatsu.com/qr/id=D024LF350JDLj7csAZsC1
1404-25,ムーンカクタスサンダル,セクシー,LOVE MOONRISE,シューズ,レア,2014,1404,FALSE,https://card.aikatsu.net/cardlist/images/cardlist/cardimg/1404-25.png,http://aikatsu.com/qr/id=D025LF4006oYIEVtp1KDH
1404-26,バティックデッサンチュニック,セクシー,Bohemian Sky,トップス,ノーマル,2014,1404,FALSE,https://card.aikatsu.net/cardlist/images/cardlist/cardimg/1404-26.png,http://aikatsu.com/qr/id=D026HZ250EEn303ZVIZVe
1404-27,バティックデッサンティアードスカート,セクシー,Bohemian Sky,ボトムス,ノーマル,2014,1404,FALSE,https://card.aikatsu.net/cardlist/images/cardlist/cardimg/1404-27.png,http://aikatsu.com/qr/id=D027HZ250qJO6vKhOulo1
1404-28,バティックデッサンブーサン,セクシー,Bohemian Sky,シューズ,ノーマル,2014,1404,FALSE,https://card.aikatsu.net/cardlist/images/cardlist/cardimg/1404-28.png,http://aikatsu.com/qr/id=D028HZ300EVpfoaqp4o64
1404-29,エスニックモーヴチュニック,セクシー,,トップス,ノーマル,2014,1404,FALSE,https://card.aikatsu.net/cardlist/images/cardlist/cardimg/1404-29.png,http://aikatsu.com/qr/id=D029ZZ200biyxrDP6pXMv
1404-30,フリンジデニムスカート,セクシー,,ボトムス,ノーマル,2014,1404,FALSE,https://card.aikatsu.net/cardlist/images/cardlist/cardimg/1404-30.png,http://aikatsu.com/qr/id=D030ZZ250LriPEwFXFraz
1404-31,エスニックオレンジサボ,セクシー,,シューズ,ノーマル,2014,1404,FALSE,https://card.aikatsu.net/cardlist/images/cardlist/cardimg/1404-31.png,http://aikatsu.com/qr/id=D031ZZ200srd1DFDHufPk
1404-32,レディオンブルオールインワン,セクシー,Spicy Ageha,トップス&ボトムス,ノーマル,2014,1404,FALSE,https://card.aikatsu.net/cardlist/images/cardlist/cardimg/1404-32.png,http://aikatsu.com/qr/id=D032FZ500y1k6xPCX8lan
1404-33,ロリポップタウルストップス,ポップ,HAPPY RAINBOW,トップス,プレミアムレア,2014,1404,FALSE,https://card.aikatsu.net/cardlist/images/cardlist/cardimg/1404-33.png,http://aikatsu.com/qr/id=D033IB750a4vvDsWJjje3
1404-34,ロリポップタウルススカート,ポップ,HAPPY RAINBOW,ボトムス,プレミアムレア,2014,1404,FALSE,https://card.aikatsu.net/cardlist/images/cardlist/cardimg/1404-34.png,http://aikatsu.com/qr/id=D034IB700CpxrxvO7ju2j
1404-35,ロリポップタウルスブーツ,ポップ,HAPPY RAINBOW,シューズ,プレミアムレア,2014,1404,FALSE,https://card.aikatsu.net/cardlist/images/cardlist/cardimg/1404-35.png,http://aikatsu.com/qr/id=D035IB700ADCt2TdCFY0k
1404-36,ナイトドリーマートップス,ポップ,HAPPY RAINBOW,トップス,レア,2014,1404,FALSE,https://card.aikatsu.net/cardlist/images/cardlist/cardimg/1404-36.png,http://aikatsu.com/qr/id=D036IB450iJUTiTa9Lwrz
1404-37,ナイトドリーマースカート,ポップ,HAPPY RAINBOW,ボトムス,レア,2014,1404,FALSE,https://card.aikatsu.net/cardlist/images/cardlist/cardimg/1404-37.png,http://aikatsu.com/qr/id=D037IB400yE2lRi9M0isz
1404-38,ナイトドリーマーシューズ,ポップ,HAPPY RAINBOW,シューズ,レア,2014,1404,FALSE,https://card.aikatsu.net/cardlist/images/cardlist/cardimg/1404-38.png,http://aikatsu.com/qr/id=D038IB350SoOD0EEVrX08
1404-39,ハニービートップス,ポップ,MAGICAL TOY,トップス,レア,2014,1404,FALSE,https://card.aikatsu.net/cardlist/images/cardlist/cardimg/1404-39.png,http://aikatsu.com/qr/id=D039JZ200gVbTSMVFB5k2
1404-40,ハニービースカート,ポップ,MAGICAL TOY,ボトムス,レア,2014,1404,FALSE,https://card.aikatsu.net/cardlist/images/cardlist/cardimg/1404-40.png,http://aikatsu.com/qr/id=D040JZ300AiaLtDXE2ici
1404-41,ハニービーブーツ,ポップ,MAGICAL TOY,シューズ,レア,2014,1404,FALSE,https://card.aikatsu.net/cardlist/images/cardlist/cardimg/1404-41.png,http://aikatsu.com/qr/id=D041JZ250isc92CcCbihr
1404-42,ジューシーちびＴシャツ,ポップ,,トップス,ノーマル,2014,1404,FALSE,https://card.aikatsu.net/cardlist/images/cardlist/cardimg/1404-42.png,http://aikatsu.com/qr/id=D042ZZ250WobyWIEwp3Xj
1404-43,フルーツ柄スカート,ポップ,,ボトムス,ノーマル,2014,1404,FALSE,https://card.aikatsu.net/cardlist/images/cardlist/cardimg/1404-43.png,http://aikatsu.com/qr/id=D043ZZ200eDggwwrmF9mB
1404-44,プラットフォームチェリーローファー,ポップ,,シューズ,ノーマル,2014,1404,FALSE,https://card.aikatsu.net/cardlist/images/cardlist/cardimg/1404-44.png,http://aikatsu.com/qr/id=D044ZZ200csToWIt6CNcN
1404-45,レインボーシャボンワンピ,ポップ,HAPPY RAINBOW,トップス&ボトムス,レア,2014,1404,FALSE,https://card.aikatsu.net/cardlist/images/cardlist/cardimg/1404-45.png,http://aikatsu.com/qr/id=D045IZ500bhfDrd26PNzu
1404-46,ハッピーアンブレラワンピ,キュート,,トップス&ボトムス,ノーマル,2014,1404,FALSE,https://card.aikatsu.net/cardlist/images/cardlist/cardimg/1404-46.png,http://aikatsu.com/qr/id=D046ZZ450IwU5ta08U9oE
1404-47,ハッピーアンブレラシューズ,キュート,,シューズ,ノーマル,2014,1404,FALSE,https://card.aikatsu.net/cardlist/images/cardlist/cardimg/1404-47.png,http://aikatsu.com/qr/id=D047ZZ300PsSSRMe4Nqgu
1404-48,ハッピーアンブレラハット,,,アクセサリー,ノーマル,2014,1404,FALSE,https://card.aikatsu.net/cardlist/images/cardlist/cardimg/1404-48.png,http://aikatsu.com/qr/id=D048ZZ300VEPWqSLGg3VN
1404-49,フローラルアルプスブリム,,,アクセサリー,ノーマル,2014,1404,FALSE,https://card.aikatsu.net/cardlist/images/cardlist/cardimg/1404-49.png,http://aikatsu.com/qr/id=D049ZZ300J1DMJeIJIFqE
1404-50,アストロジャーバレッタ,,,アクセサリー,ノーマル,2014,1404,FALSE,https://card.aikatsu.net/cardlist/images/cardlist/cardimg/1404-50.png,http://aikatsu.com/qr/id=D050ZZ300uEYNxBQAYsF7
1404-51,ミステリアスヴァルゴティアラ,,,アクセサリー,レア,2014,1404,FALSE,https://card.aikatsu.net/cardlist/images/cardlist/cardimg/1404-51.png,http://aikatsu.com/qr/id=D051ZZ35007nMEDrknlP7
1404-52,ロリポップタウルスカチューシャ,,,アクセサリー,レア,2014,1404,FALSE,https://card.aikatsu.net/cardlist/images/cardlist/cardimg/1404-52.png,http://aikatsu.com/qr/id=D052ZZ350sheqoT0fSe1j
1405-01,パールシェルトップス,キュート,Angely Sugar,トップス,レア,2014,1405,FALSE,https://card.aikatsu.net/cardlist/images/cardlist/cardimg/1405-01.png,http://aikatsu.com/qr/id=E001AL3509oJfuKazAOi4
1405-CP01,クラシカルボーダーブラウス,キュート,Angely Sugar,トップス,キャンペーンレア,2014,1405,FALSE,https://card.aikatsu.net/cardlist/images/cardlist/cardimg/1405-CP01.png,http://aikatsu.com/qr/id=E053AZ400dwCjRkD2ashM
1405-02,パールシェルスカート,キュート,Angely Sugar,ボトムス,レア,2014,1405,FALSE,https://card.aikatsu.net/cardlist/images/cardlist/cardimg/1405-02.png,http://aikatsu.com/qr/id=E002AL400G4IBuTgTTOM2
1405-CP02,クラシカルボーダースカート,キュート,Angely Sugar,ボトムス,キャンペーンレア,2014,1405,FALSE,https://card.aikatsu.net/cardlist/images/cardlist/cardimg/1405-CP02.png,http://aikatsu.com/qr/id=E054AZ3501DYWxfe5Yegu
1405-03,パールシェルブーツ,キュート,Angely Sugar,シューズ,レア,2014,1405,FALSE,https://card.aikatsu.net/cardlist/images/cardlist/cardimg/1405-03.png,http://aikatsu.com/qr/id=E003AL450bhjRrH7tMjIx
1405-CP03,クラシカルボーダーサンダル,キュート,Angely Sugar,シューズ,キャンペーンレア,2014,1405,FALSE,https://card.aikatsu.net/cardlist/images/cardlist/cardimg/1405-CP03.png,http://aikatsu.com/qr/id=E055AZ350W12viAyiHKg8
1405-04,リリーベルトップス,キュート,Aurora Fantasy,トップス,ノーマル,2014,1405,FALSE,https://card.aikatsu.net/cardlist/images/cardlist/cardimg/1405-04.png,http://aikatsu.com/qr/id=E004BZ300fD8tH94ChKQj
1405-CP04,トリコロールチェックセーラー,クール,Swing ROCK,トップス,キャンペーンレア,2014,1405,FALSE,https://card.aikatsu.net/cardlist/images/cardlist/cardimg/1405-CP04.png,http://aikatsu.com/qr/id=E056EZ350c2oAIyAWl6b3
1405-05,リリーベルスカート,キュート,Aurora Fantasy,ボトムス,ノーマル,2014,1405,FALSE,https://card.aikatsu.net/cardlist/images/cardlist/cardimg/1405-05.png,http://aikatsu.com/qr/id=E005BZ250aE3ysFVooXeZ
1405-CP05,トリコロールチェックスカート,クール,Swing ROCK,ボトムス,キャンペーンレア,2014,1405,FALSE,https://card.aikatsu.net/cardlist/images/cardlist/cardimg/1405-CP05.png,http://aikatsu.com/qr/id=E057EZ400XwFbwXZsfWGS
1405-06,リリーベルシューズ,キュート,Aurora Fantasy,シューズ,ノーマル,2014,1405,FALSE,https://card.aikatsu.net/cardlist/images/cardlist/cardimg/1405-06.png,http://aikatsu.com/qr/id=E006BZ200YrXbw5DpGmgO
1405-CP06,トリコロールチェックローファー,クール,Swing ROCK,シューズ,キャンペーンレア,2014,1405,FALSE,https://card.aikatsu.net/cardlist/images/cardlist/cardimg/1405-CP06.png,http://aikatsu.com/qr/id=E058EZ3503rv5JcxqnE7E
1405-07,オレンジコルセットブラウス,キュート,,トップス,ノーマル,2014,1405,FALSE,https://card.aikatsu.net/cardlist/images/cardlist/cardimg/1405-07.png,http://aikatsu.com/qr/id=E007ZZ250nirq2IWCI0Yv
1405-CP07,アクアリウムトップス,セクシー,LOVE MOONRISE,トップス,キャンペーンレア,2014,1405,FALSE,https://card.aikatsu.net/cardlist/images/cardlist/cardimg/1405-CP07.png,http://aikatsu.com/qr/id=E059LZ350ToYXE18sJiui
1405-08,ミニフラワーデニムショーパン,キュート,,ボトムス,ノーマル,2014,1405,FALSE,https://card.aikatsu.net/cardlist/images/cardlist/cardimg/1405-08.png,http://aikatsu.com/qr/id=E008ZZ2004RTxyioKaHD3
1405-CP08,アクアリウムスカート,セクシー,LOVE MOONRISE,ボトムス,キャンペーンレア,2014,1405,FALSE,https://card.aikatsu.net/cardlist/images/cardlist/cardimg/1405-CP08.png,http://aikatsu.com/qr/id=E060LZ350LoQm4pEZ6PfJ
1405-09,ストライプウエッジソールサンダル,キュート,,シューズ,ノーマル,2014,1405,FALSE,https://card.aikatsu.net/cardlist/images/cardlist/cardimg/1405-09.png,http://aikatsu.com/qr/id=E009ZZ200hwXgugVHrmki
1405-CP09,アクアリウムサンダル,セクシー,LOVE MOONRISE,シューズ,キャンペーンレア,2014,1405,FALSE,https://card.aikatsu.net/cardlist/images/cardlist/cardimg/1405-CP09.png,http://aikatsu.com/qr/id=E061LZ400URRie1A4aH60
1405-10,プリズムハートセットアップ,キュート,Angely Sugar,トップス&ボトムス,ノーマル,2014,1405,FALSE,https://card.aikatsu.net/cardlist/images/cardlist/cardimg/1405-10.png,http://aikatsu.com/qr/id=E010AZ550Ei4JEJllTXCv
1405-CP10,ヨットカジュアルジャケット,ポップ,Vivid Kiss,トップス,キャンペーンレア,2014,1405,FALSE,https://card.aikatsu.net/cardlist/images/cardlist/cardimg/1405-CP10.png,http://aikatsu.com/qr/id=E062KZ400Dh0TiNHP0FCi
1405-11,プリズムハートブーツ,キュート,Angely Sugar,シューズ,ノーマル,2014,1405,FALSE,https://card.aikatsu.net/cardlist/images/cardlist/cardimg/1405-11.png,http://aikatsu.com/qr/id=E011AZ250PRTJtBJvBftY
1405-CP11,ヨットカジュアルショートパンツ,ポップ,Vivid Kiss,ボトムス,キャンペーンレア,2014,1405,FALSE,https://card.aikatsu.net/cardlist/images/cardlist/cardimg/1405-CP11.png,http://aikatsu.com/qr/id=E063KZ350ERTbohrXin1r
1405-12,ナイトメアカプリコーントップス,クール,LoLi GoThiC,トップス,プレミアムレア,2014,1405,FALSE,https://card.aikatsu.net/cardlist/images/cardlist/cardimg/1405-12.png,http://aikatsu.com/qr/id=E012DJ750l1RRYLBcM0kx
1405-CP12,ヨットカジュアルパンプス,ポップ,Vivid Kiss,シューズ,キャンペーンレア,2014,1405,FALSE,https://card.aikatsu.net/cardlist/images/cardlist/cardimg/1405-CP12.png,http://aikatsu.com/qr/id=E064KZ350mRUTsR83v5Xr
1405-13,ナイトメアカプリコーンスカート,クール,LoLi GoThiC,ボトムス,プレミアムレア,2014,1405,FALSE,https://card.aikatsu.net/cardlist/images/cardlist/cardimg/1405-13.png,http://aikatsu.com/qr/id=E013DJ700ortdqDlUdsyi
1405-14,ナイトメアカプリコーンブーツ,クール,LoLi GoThiC,シューズ,プレミアムレア,2014,1405,FALSE,https://card.aikatsu.net/cardlist/images/cardlist/cardimg/1405-14.png,http://aikatsu.com/qr/id=E014DJ7000oEkwjHE2Ec2
1405-15,ホーリーゴートボレロ,クール,LoLi GoThiC,トップス,レア,2014,1405,FALSE,https://card.aikatsu.net/cardlist/images/cardlist/cardimg/1405-15.png,http://aikatsu.com/qr/id=E015DJ450yrPbWOTF69WQ
1405-16,ホーリーゴートスカート,クール,LoLi GoThiC,ボトムス,レア,2014,1405,FALSE,https://card.aikatsu.net/cardlist/images/cardlist/cardimg/1405-16.png,http://aikatsu.com/qr/id=E016DJ350ooEOqcyGsihJ
1405-17,ホーリーゴートブーツ,クール,LoLi GoThiC,シューズ,レア,2014,1405,FALSE,https://card.aikatsu.net/cardlist/images/cardlist/cardimg/1405-17.png,http://aikatsu.com/qr/id=E017DJ4009sCO10oJCoJJ
1405-18,パウプリントトップス,クール,Swing ROCK,トップス,ノーマル,2014,1405,FALSE,https://card.aikatsu.net/cardlist/images/cardlist/cardimg/1405-18.png,http://aikatsu.com/qr/id=E018EZ300ysLxhC4RyqQZ
1405-19,パウプリントスカート,クール,Swing ROCK,ボトムス,ノーマル,2014,1405,FALSE,https://card.aikatsu.net/cardlist/images/cardlist/cardimg/1405-19.png,http://aikatsu.com/qr/id=E019EZ200z2dCAcE8Crbi
1405-20,パウプリントブーツ,クール,Swing ROCK,シューズ,ノーマル,2014,1405,FALSE,https://card.aikatsu.net/cardlist/images/cardlist/cardimg/1405-20.png,http://aikatsu.com/qr/id=E020EZ250uiAtuMgRduRH
1405-21,ストライプタイピンクシャツ,クール,,トップス,ノーマル,2014,1405,FALSE,https://card.aikatsu.net/cardlist/images/cardlist/cardimg/1405-21.png,http://aikatsu.com/qr/id=E021ZZ200h17BehvQDnC2
1405-22,ゼブラ柄ショートパンツ,クール,,ボトムス,ノーマル,2014,1405,FALSE,https://card.aikatsu.net/cardlist/images/cardlist/cardimg/1405-22.png,http://aikatsu.com/qr/id=E022ZZ200ApNeH612bY6x
1405-23,ベルト付パンクブーサン,クール,,シューズ,ノーマル,2014,1405,FALSE,https://card.aikatsu.net/cardlist/images/cardlist/cardimg/1405-23.png,http://aikatsu.com/qr/id=E023ZZ250V1iH17mUdcyZ
1405-24,シャンパーニュベアトップ,セクシー,LOVE MOONRISE,トップス,レア,2014,1405,FALSE,https://card.aikatsu.net/cardlist/images/cardlist/cardimg/1405-24.png,http://aikatsu.com/qr/id=E024LF450TRdxy1fOTYkv
1405-25,シャンパーニュスカート,セクシー,LOVE MOONRISE,ボトムス,レア,2014,1405,FALSE,https://card.aikatsu.net/cardlist/images/cardlist/cardimg/1405-25.png,http://aikatsu.com/qr/id=E025LF4004wYaWCao794O
1405-26,シャンパーニュパンプス,セクシー,LOVE MOONRISE,シューズ,レア,2014,1405,FALSE,https://card.aikatsu.net/cardlist/images/cardlist/cardimg/1405-26.png,http://aikatsu.com/qr/id=E026LF350HVnFVkC2toGG
1405-27,アラビアンプリンセストップス,セクシー,Bohemian Sky,トップス,ノーマル,2014,1405,FALSE,https://card.aikatsu.net/cardlist/images/cardlist/cardimg/1405-27.png,http://aikatsu.com/qr/id=E027HZ200rRFQp5b6TSaT
1405-28,アラビアンプリンセススカート,セクシー,Bohemian Sky,ボトムス,ノーマル,2014,1405,FALSE,https://card.aikatsu.net/cardlist/images/cardlist/cardimg/1405-28.png,http://aikatsu.com/qr/id=E028HZ250lRZ02yLbt3Mk
1405-29,アラビアンプリンセスシューズ,セクシー,Bohemian Sky,シューズ,ノーマル,2014,1405,FALSE,https://card.aikatsu.net/cardlist/images/cardlist/cardimg/1405-29.png,http://aikatsu.com/qr/id=E029HZ300gooCIYv77PeJ
1405-30,アラビアンフェンサーベスト,セクシー,Bohemian Sky,トップス,ノーマル,2014,1405,FALSE,https://card.aikatsu.net/cardlist/images/cardlist/cardimg/1405-30.png,http://aikatsu.com/qr/id=E030HZ250FhniD5J1juXN
1405-31,アラビアンフェンサーショートパンツ,セクシー,Bohemian Sky,ボトムス,ノーマル,2014,1405,FALSE,https://card.aikatsu.net/cardlist/images/cardlist/cardimg/1405-31.png,http://aikatsu.com/qr/id=E031HZ200LRqeJAkUVKIZ
1405-32,アラビアンフェンサーブーツ,セクシー,Bohemian Sky,シューズ,ノーマル,2014,1405,FALSE,https://card.aikatsu.net/cardlist/images/cardlist/cardimg/1405-32.png,http://aikatsu.com/qr/id=E032HZ300fJ0Lq0vGwlj2
1405-33,ビジューブラックシフォン,セクシー,,トップス,ノーマル,2014,1405,FALSE,https://card.aikatsu.net/cardlist/images/cardlist/cardimg/1405-33.png,http://aikatsu.com/qr/id=E033ZZ200VsNBep7Z6iUi
1405-34,ローズパターンスカート,セクシー,,ボトムス,ノーマル,2014,1405,FALSE,https://card.aikatsu.net/cardlist/images/cardlist/cardimg/1405-34.png,http://aikatsu.com/qr/id=E034ZZ250A2gbSDLKAsV7
1405-35,ローズパターンパンプス,セクシー,,シューズ,ノーマル,2014,1405,FALSE,https://card.aikatsu.net/cardlist/images/cardlist/cardimg/1405-35.png,http://aikatsu.com/qr/id=E035ZZ20052JL0CQN5i5F
1405-36,リゾートキャンサートップス,ポップ,Vivid Kiss,トップス,プレミアムレア,2014,1405,FALSE,https://card.aikatsu.net/cardlist/images/cardlist/cardimg/1405-36.png,http://aikatsu.com/qr/id=E036KD70021CxrPG9oYIb
1405-37,リゾートキャンサースカート,ポップ,Vivid Kiss,ボトムス,プレミアムレア,2014,1405,FALSE,https://card.aikatsu.net/cardlist/images/cardlist/cardimg/1405-37.png,http://aikatsu.com/qr/id=E037KD750ywb44P4hEu18
1405-38,リゾートキャンサーサンダル,ポップ,Vivid Kiss,シューズ,プレミアムレア,2014,1405,FALSE,https://card.aikatsu.net/cardlist/images/cardlist/cardimg/1405-38.png,http://aikatsu.com/qr/id=E038KD700Ood2pWwSP6wZ
1405-39,サニーホリデートップス,ポップ,Vivid Kiss,トップス,レア,2014,1405,FALSE,https://card.aikatsu.net/cardlist/images/cardlist/cardimg/1405-39.png,http://aikatsu.com/qr/id=E039KD350Xir14KuQCKlx
1405-40,サニーホリデースカート,ポップ,Vivid Kiss,ボトムス,レア,2014,1405,FALSE,https://card.aikatsu.net/cardlist/images/cardlist/cardimg/1405-40.png,http://aikatsu.com/qr/id=E040KD450erJBht9HjrpO
1405-41,サニーホリデーブーサン,ポップ,Vivid Kiss,シューズ,レア,2014,1405,FALSE,https://card.aikatsu.net/cardlist/images/cardlist/cardimg/1405-41.png,http://aikatsu.com/qr/id=E041KD400cs5gqTTHQrWn
1405-42,ピザパーラートップス,ポップ,HAPPY RAINBOW,トップス,レア,2014,1405,FALSE,https://card.aikatsu.net/cardlist/images/cardlist/cardimg/1405-42.png,http://aikatsu.com/qr/id=E042IB400TpJJeXuab690
1405-43,ピザパーラースカート,ポップ,HAPPY RAINBOW,ボトムス,レア,2014,1405,FALSE,https://card.aikatsu.net/cardlist/images/cardlist/cardimg/1405-43.png,http://aikatsu.com/qr/id=E043IB450mD8L7NC7VoaR
1405-44,ピザパーラーブーツ,ポップ,HAPPY RAINBOW,シューズ,レア,2014,1405,FALSE,https://card.aikatsu.net/cardlist/images/cardlist/cardimg/1405-44.png,http://aikatsu.com/qr/id=E044IB350KsM8ATT5dPYQ
1405-45,ビッグハッピーTシャツ,ポップ,,トップス,ノーマル,2014,1405,FALSE,https://card.aikatsu.net/cardlist/images/cardlist/cardimg/1405-45.png,http://aikatsu.com/qr/id=E045ZZ200ps2fWrkPAETO
1405-46,カープリントスカート,ポップ,,ボトムス,ノーマル,2014,1405,FALSE,https://card.aikatsu.net/cardlist/images/cardlist/cardimg/1405-46.png,http://aikatsu.com/qr/id=E046ZZ200BsqRqdQjjep0
1405-47,イエロートーンショートブーツ,ポップ,,シューズ,ノーマル,2014,1405,FALSE,https://card.aikatsu.net/cardlist/images/cardlist/cardimg/1405-47.png,http://aikatsu.com/qr/id=E047ZZ250iwitxASstcD8
1405-48,ネオンポップシャツワンピ,ポップ,Vivid Kiss,トップス&ボトムス,レア,2014,1405,FALSE,https://card.aikatsu.net/cardlist/images/cardlist/cardimg/1405-48.png,http://aikatsu.com/qr/id=E048KZ600Y7dJvtEPFYIj
1405-49,パールシェルカチューシャ,,,アクセサリー,ノーマル,2014,1405,FALSE,https://card.aikatsu.net/cardlist/images/cardlist/cardimg/1405-49.png,http://aikatsu.com/qr/id=E049ZZ300WEK9RPhQnl7m
1405-50,ナイトメアカプリコーンクラウン,,,アクセサリー,レア,2014,1405,FALSE,https://card.aikatsu.net/cardlist/images/cardlist/cardimg/1405-50.png,http://aikatsu.com/qr/id=E050ZZ3508RmTJArHslwm
1405-51,シャンパーニュリボン,,,アクセサリー,ノーマル,2014,1405,FALSE,https://card.aikatsu.net/cardlist/images/cardlist/cardimg/1405-51.png,http://aikatsu.com/qr/id=E051ZZ300vryBY9za65WF
1405-52,リゾートキャンサーサングラス,,,アクセサリー,レア,2014,1405,FALSE,https://card.aikatsu.net/cardlist/images/cardlist/cardimg/1405-52.png,http://aikatsu.com/qr/id=E052ZZ350bs1CDdcJSlz2
1406-01,エンジェリージェミニトップス,キュート,Angely Sugar,トップス,プレミアムレア,2014,1406,FALSE,https://card.aikatsu.net/cardlist/images/cardlist/cardimg/1406-01.png,http://aikatsu.com/qr/id=F001AC700xsnvv6RiFUVt
1406-CP01,アクアマリンピスケスワンピ,キュート,Angely Sugar,トップス&ボトムス,キャンペーンレア,2014,1406,FALSE,https://card.aikatsu.net/cardlist/images/cardlist/cardimg/1406-CP01.png,http://aikatsu.com/qr/id=F053AL750ZwCVUqfUoKiH
1406-02,エンジェリージェミニスカート,キュート,Angely Sugar,ボトムス,プレミアムレア,2014,1406,FALSE,https://card.aikatsu.net/cardlist/images/cardlist/cardimg/1406-02.png,http://aikatsu.com/qr/id=F002AC700u1RE1JyRXf0H
1406-CP02,アクアマリンピスケスシューズ,キュート,Angely Sugar,シューズ,キャンペーンレア,2014,1406,FALSE,https://card.aikatsu.net/cardlist/images/cardlist/cardimg/1406-CP02.png,http://aikatsu.com/qr/id=F054AL350uhJODdc13mUi
1406-03,エンジェリージェミニシューズ,キュート,Angely Sugar,シューズ,プレミアムレア,2014,1406,FALSE,https://card.aikatsu.net/cardlist/images/cardlist/cardimg/1406-03.png,http://aikatsu.com/qr/id=F003AC75001mTVCCb9yLK
1406-CP03,ダイヤモンドアリエスワンピ,キュート,Aurora Fantasy,トップス&ボトムス,キャンペーンレア,2014,1406,FALSE,https://card.aikatsu.net/cardlist/images/cardlist/cardimg/1406-CP03.png,http://aikatsu.com/qr/id=F055BA750hsTwSU79JKE0
1406-04,スイートツインズトップス,キュート,Angely Sugar,トップス,レア,2014,1406,FALSE,https://card.aikatsu.net/cardlist/images/cardlist/cardimg/1406-04.png,http://aikatsu.com/qr/id=F004AC350vVsR7sWnCcdj
1406-CP04,ダイヤモンドアリエスパンプス,キュート,Aurora Fantasy,シューズ,キャンペーンレア,2014,1406,FALSE,https://card.aikatsu.net/cardlist/images/cardlist/cardimg/1406-CP04.png,http://aikatsu.com/qr/id=F056BA3500JxEhMgHAeWH
1406-05,スイートツインズスカート,キュート,Angely Sugar,ボトムス,レア,2014,1406,FALSE,https://card.aikatsu.net/cardlist/images/cardlist/cardimg/1406-05.png,http://aikatsu.com/qr/id=F005AC400V726Jv8HXE9l
1406-CP05,トパーズスコーピオンワンピ,クール,Swing ROCK,トップス&ボトムス,キャンペーンレア,2014,1406,FALSE,https://card.aikatsu.net/cardlist/images/cardlist/cardimg/1406-CP05.png,http://aikatsu.com/qr/id=F057EH750O7aaHFZDemed
1406-06,スイートツインズブーティー,キュート,Angely Sugar,シューズ,レア,2014,1406,FALSE,https://card.aikatsu.net/cardlist/images/cardlist/cardimg/1406-06.png,http://aikatsu.com/qr/id=F006AC450YwKjRFJ215QM
1406-CP06,トパーズスコーピオンブーティー,クール,Swing ROCK,シューズ,キャンペーンレア,2014,1406,FALSE,https://card.aikatsu.net/cardlist/images/cardlist/cardimg/1406-CP06.png,http://aikatsu.com/qr/id=F058EH3500oCawzZ5HPYo
1406-07,フォーリッジトップス,キュート,Aurora Fantasy,トップス,ノーマル,2014,1406,FALSE,https://card.aikatsu.net/cardlist/images/cardlist/cardimg/1406-07.png,http://aikatsu.com/qr/id=F007BZ200lVDGu6QdS7H2
1406-CP07,アメジストアクエリアスワンピ,クール,FUTURING GIRL,トップス&ボトムス,キャンペーンレア,2014,1406,FALSE,https://card.aikatsu.net/cardlist/images/cardlist/cardimg/1406-CP07.png,http://aikatsu.com/qr/id=F059CK750IRllrH6LUiNr
1406-08,フォーリッジスカート,キュート,Aurora Fantasy,ボトムス,ノーマル,2014,1406,FALSE,https://card.aikatsu.net/cardlist/images/cardlist/cardimg/1406-08.png,http://aikatsu.com/qr/id=F008BZ300J2hSUhIGUYQv
1406-CP08,アメジストアクエリアスブーツ,クール,FUTURING GIRL,シューズ,キャンペーンレア,2014,1406,FALSE,https://card.aikatsu.net/cardlist/images/cardlist/cardimg/1406-CP08.png,http://aikatsu.com/qr/id=F060CK350ZwpDV9HCzuG6
1406-09,フォーリッジブーサン,キュート,Aurora Fantasy,シューズ,ノーマル,2014,1406,FALSE,https://card.aikatsu.net/cardlist/images/cardlist/cardimg/1406-09.png,http://aikatsu.com/qr/id=F009BZ250nsCY17wjhfb6
1406-CP09,ガーネットカプリコーンワンピ,クール,LoLi GoThiC,トップス&ボトムス,キャンペーンレア,2014,1406,FALSE,https://card.aikatsu.net/cardlist/images/cardlist/cardimg/1406-CP09.png,http://aikatsu.com/qr/id=F061DJ750JVAowfjXlLz0
1406-10,パステルピンクハートトップス,キュート,,トップス,ノーマル,2014,1406,FALSE,https://card.aikatsu.net/cardlist/images/cardlist/cardimg/1406-10.png,http://aikatsu.com/qr/id=F010ZZ200yRxhvFuL0N6j
1406-CP10,ガーネットカプリコーンブーツ,クール,LoLi GoThiC,シューズ,キャンペーンレア,2014,1406,FALSE,https://card.aikatsu.net/cardlist/images/cardlist/cardimg/1406-CP10.png,http://aikatsu.com/qr/id=F062DJ350G2cAYCgC1KNY
1406-11,ピンクフラワースカート,キュート,,ボトムス,ノーマル,2014,1406,FALSE,https://card.aikatsu.net/cardlist/images/cardlist/cardimg/1406-11.png,http://aikatsu.com/qr/id=F011ZZ250zwE32sFZC9cz
1406-CP11,ペリドットレオワンピ,セクシー,Spicy Ageha,トップス&ボトムス,キャンペーンレア,2014,1406,FALSE,https://card.aikatsu.net/cardlist/images/cardlist/cardimg/1406-CP11.png,http://aikatsu.com/qr/id=F063FE750ywdOeE6uAwSa
1406-12,アンクルビッグリボンパンプス,キュート,,シューズ,ノーマル,2014,1406,FALSE,https://card.aikatsu.net/cardlist/images/cardlist/cardimg/1406-12.png,http://aikatsu.com/qr/id=F012ZZ200gEVzRaQMWFk1
1406-CP12,ペリドットレオブーツ,セクシー,Spicy Ageha,シューズ,キャンペーンレア,2014,1406,FALSE,https://card.aikatsu.net/cardlist/images/cardlist/cardimg/1406-CP12.png,http://aikatsu.com/qr/id=F064FE350Z7xC7JtkJ7t2
1406-13,フレッシュスプラウトワンピ,キュート,Angely Sugar,トップス&ボトムス,ノーマル,2014,1406,FALSE,https://card.aikatsu.net/cardlist/images/cardlist/cardimg/1406-13.png,http://aikatsu.com/qr/id=F013AZ450ORDiwTq5Y0D3
1406-CP13,トルマリンリブラワンピ,セクシー,Bohemian Sky,トップス&ボトムス,キャンペーンレア,2014,1406,FALSE,https://card.aikatsu.net/cardlist/images/cardlist/cardimg/1406-CP13.png,http://aikatsu.com/qr/id=F065HG750J2qbDLHR5ndJ
1406-14,スイングジェミニトップス,クール,Swing ROCK,トップス,プレミアムレア,2014,1406,FALSE,https://card.aikatsu.net/cardlist/images/cardlist/cardimg/1406-14.png,http://aikatsu.com/qr/id=F014EC700Rh3buP1TxoBi
1406-CP14,トルマリンリブラブーサン,セクシー,Bohemian Sky,シューズ,キャンペーンレア,2014,1406,FALSE,https://card.aikatsu.net/cardlist/images/cardlist/cardimg/1406-CP14.png,http://aikatsu.com/qr/id=F066HG350Y2X8hbTNAmnQ
1406-15,スイングジェミニスカート,クール,Swing ROCK,ボトムス,プレミアムレア,2014,1406,FALSE,https://card.aikatsu.net/cardlist/images/cardlist/cardimg/1406-15.png,http://aikatsu.com/qr/id=F015EC700twhaUhONMlWJ
1406-CP15,サファイアヴァルゴワンピ,セクシー,LOVE MOONRISE,トップス&ボトムス,キャンペーンレア,2014,1406,FALSE,https://card.aikatsu.net/cardlist/images/cardlist/cardimg/1406-CP15.png,http://aikatsu.com/qr/id=F067LF750ioKJqIKVC3Hb
1406-16,スイングジェミニシューズ,クール,Swing ROCK,シューズ,プレミアムレア,2014,1406,FALSE,https://card.aikatsu.net/cardlist/images/cardlist/cardimg/1406-16.png,http://aikatsu.com/qr/id=F016EC750v4wdyxWyBP5a
1406-CP16,サファイアヴァルゴサンダル,セクシー,LOVE MOONRISE,シューズ,キャンペーンレア,2014,1406,FALSE,https://card.aikatsu.net/cardlist/images/cardlist/cardimg/1406-CP16.png,http://aikatsu.com/qr/id=F068LF350GR0wWZUK13Q8
1406-17,ビターツインズトップス,クール,Swing ROCK,トップス,レア,2014,1406,FALSE,https://card.aikatsu.net/cardlist/images/cardlist/cardimg/1406-17.png,http://aikatsu.com/qr/id=F017EC400bsP2SuiwCYqH
1406-CP17,エメラルドタウルスワンピ,ポップ,HAPPY RAINBOW,トップス&ボトムス,キャンペーンレア,2014,1406,FALSE,https://card.aikatsu.net/cardlist/images/cardlist/cardimg/1406-CP17.png,http://aikatsu.com/qr/id=F069IB750XsqIeNMafu8t
1406-18,ビターツインズスカート,クール,Swing ROCK,ボトムス,レア,2014,1406,FALSE,https://card.aikatsu.net/cardlist/images/cardlist/cardimg/1406-18.png,http://aikatsu.com/qr/id=F018EC450tiroJskTF3Bk
1406-CP18,エメラルドタウルスシューズ,ポップ,HAPPY RAINBOW,シューズ,キャンペーンレア,2014,1406,FALSE,https://card.aikatsu.net/cardlist/images/cardlist/cardimg/1406-CP18.png,http://aikatsu.com/qr/id=F070IB350U21M1jQ1e9K2
1406-19,ビターツインズパンプス,クール,Swing ROCK,シューズ,レア,2014,1406,FALSE,https://card.aikatsu.net/cardlist/images/cardlist/cardimg/1406-19.png,http://aikatsu.com/qr/id=F019EC350jVpCVmauBPCM
1406-CP19,ターコイズサジットワンピ,ポップ,MAGICAL TOY,トップス&ボトムス,キャンペーンレア,2014,1406,FALSE,https://card.aikatsu.net/cardlist/images/cardlist/cardimg/1406-CP19.png,http://aikatsu.com/qr/id=F071JI750qw4Cw2PA0oCi
1406-20,ハンサムストライプジャケット,クール,LoLi GoThiC,トップス,レア,2014,1406,FALSE,https://card.aikatsu.net/cardlist/images/cardlist/cardimg/1406-20.png,http://aikatsu.com/qr/id=F020DJ450LijaeprcbwtB
1406-CP20,ターコイズサジットサボ,ポップ,MAGICAL TOY,シューズ,キャンペーンレア,2014,1406,FALSE,https://card.aikatsu.net/cardlist/images/cardlist/cardimg/1406-CP20.png,http://aikatsu.com/qr/id=F072JI350Sw9Q4CJQ79Ea
1406-21,ハンサムストライプショーパン,クール,LoLi GoThiC,ボトムス,レア,2014,1406,FALSE,https://card.aikatsu.net/cardlist/images/cardlist/cardimg/1406-21.png,http://aikatsu.com/qr/id=F021DJ350Dwz7Dd4VCKu0
1406-CP21,ルビーキャンサーワンピ,ポップ,Vivid Kiss,トップス&ボトムス,キャンペーンレア,2014,1406,FALSE,https://card.aikatsu.net/cardlist/images/cardlist/cardimg/1406-CP21.png,http://aikatsu.com/qr/id=F073KD750rRThsspFMcs3
1406-22,ハンサムストライプニーハイブーツ,クール,LoLi GoThiC,シューズ,レア,2014,1406,FALSE,https://card.aikatsu.net/cardlist/images/cardlist/cardimg/1406-22.png,http://aikatsu.com/qr/id=F022DJ400tsgfvj4P8FA7
1406-CP22,ルビーキャンサーサンダル,ポップ,Vivid Kiss,シューズ,キャンペーンレア,2014,1406,FALSE,https://card.aikatsu.net/cardlist/images/cardlist/cardimg/1406-CP22.png,http://aikatsu.com/qr/id=F074KD350FsI7Imeskeub
1406-23,ジオメトリックトップス,クール,FUTURING GIRL,トップス,ノーマル,2014,1406,FALSE,https://card.aikatsu.net/cardlist/images/cardlist/cardimg/1406-23.png,http://aikatsu.com/qr/id=F023CZ300LEUNAyOnznNO
1406-24,ジオメトリックスカート,クール,FUTURING GIRL,ボトムス,ノーマル,2014,1406,FALSE,https://card.aikatsu.net/cardlist/images/cardlist/cardimg/1406-24.png,http://aikatsu.com/qr/id=F024CZ200O1Ty1i5NCLo6
1406-25,ジオメトリックパンプス,クール,FUTURING GIRL,シューズ,ノーマル,2014,1406,FALSE,https://card.aikatsu.net/cardlist/images/cardlist/cardimg/1406-25.png,http://aikatsu.com/qr/id=F025CZ25084LxcvwaWXbN
1406-26,タッタソールチェックビスチェ,クール,,トップス,ノーマル,2014,1406,FALSE,https://card.aikatsu.net/cardlist/images/cardlist/cardimg/1406-26.png,http://aikatsu.com/qr/id=F026ZZ200GoGOVTG2b9Dl
1406-27,タッタソールチェックスカート,クール,,ボトムス,ノーマル,2014,1406,FALSE,https://card.aikatsu.net/cardlist/images/cardlist/cardimg/1406-27.png,http://aikatsu.com/qr/id=F027ZZ200KhgeIAs7Kf26
1406-28,スリートーンブーティー,クール,,シューズ,ノーマル,2014,1406,FALSE,https://card.aikatsu.net/cardlist/images/cardlist/cardimg/1406-28.png,http://aikatsu.com/qr/id=F028ZZ250WE0jrIktOmmF
1406-29,アンダルシアフリルトップス,セクシー,LOVE MOONRISE,トップス,レア,2014,1406,FALSE,https://card.aikatsu.net/cardlist/images/cardlist/cardimg/1406-29.png,http://aikatsu.com/qr/id=F029LF450f2mjr1Ewenz7
1406-30,アンダルシアスカート,セクシー,LOVE MOONRISE,ボトムス,レア,2014,1406,FALSE,https://card.aikatsu.net/cardlist/images/cardlist/cardimg/1406-30.png,http://aikatsu.com/qr/id=F030LF350JR6OxNCEkvKI
1406-31,アンダルシアサンダル,セクシー,LOVE MOONRISE,シューズ,レア,2014,1406,FALSE,https://card.aikatsu.net/cardlist/images/cardlist/cardimg/1406-31.png,http://aikatsu.com/qr/id=F031LF400u72tJDkzMKEW
1406-32,ピエドプールトップス,セクシー,Spicy Ageha,トップス,ノーマル,2014,1406,FALSE,https://card.aikatsu.net/cardlist/images/cardlist/cardimg/1406-32.png,http://aikatsu.com/qr/id=F032FZ2504hSQx9cvMPbO
1406-33,ピエドプールぺプラムスカート,セクシー,Spicy Ageha,ボトムス,ノーマル,2014,1406,FALSE,https://card.aikatsu.net/cardlist/images/cardlist/cardimg/1406-33.png,http://aikatsu.com/qr/id=F033FZ200M124rilt7fij
1406-34,ピエドプールパンプス,セクシー,Spicy Ageha,シューズ,ノーマル,2014,1406,FALSE,https://card.aikatsu.net/cardlist/images/cardlist/cardimg/1406-34.png,http://aikatsu.com/qr/id=F034FZ300M75XskT9WSiL
1406-35,ウエストマークシフォントップス,セクシー,,トップス,ノーマル,2014,1406,FALSE,https://card.aikatsu.net/cardlist/images/cardlist/cardimg/1406-35.png,http://aikatsu.com/qr/id=F035ZZ250gRUUsaBOrUnt
1406-36,ビジュー付ブラックレーススカート,セクシー,,ボトムス,ノーマル,2014,1406,FALSE,https://card.aikatsu.net/cardlist/images/cardlist/cardimg/1406-36.png,http://aikatsu.com/qr/id=F036ZZ200aVAP0mQYswWM
1406-37,ブラッククロスサンダル,セクシー,,シューズ,ノーマル,2014,1406,FALSE,https://card.aikatsu.net/cardlist/images/cardlist/cardimg/1406-37.png,http://aikatsu.com/qr/id=F037ZZ200VVE7pCuOJeZk
1406-38,インディゴフリンジワンピ,セクシー,Bohemian Sky,トップス&ボトムス,ノーマル,2014,1406,FALSE,https://card.aikatsu.net/cardlist/images/cardlist/cardimg/1406-38.png,http://aikatsu.com/qr/id=F038HZ450Mh50S7o3cHfj
1406-39,ファインストリートスカジャン,ポップ,Vivid Kiss,トップス,レア,2014,1406,FALSE,https://card.aikatsu.net/cardlist/images/cardlist/cardimg/1406-39.png,http://aikatsu.com/qr/id=F039KD400AoLjwDpkzl57
1406-40,ファインストリートスカート,ポップ,Vivid Kiss,ボトムス,レア,2014,1406,FALSE,https://card.aikatsu.net/cardlist/images/cardlist/cardimg/1406-40.png,http://aikatsu.com/qr/id=F040KD350I4z7cGharfZW
1406-41,ファインストリートブーティー,ポップ,Vivid Kiss,シューズ,レア,2014,1406,FALSE,https://card.aikatsu.net/cardlist/images/cardlist/cardimg/1406-41.png,http://aikatsu.com/qr/id=F041KD450q1fGhenJFpBE
1406-42,ファイヤーワークストップス,ポップ,HAPPY RAINBOW,トップス,ノーマル,2014,1406,FALSE,https://card.aikatsu.net/cardlist/images/cardlist/cardimg/1406-42.png,http://aikatsu.com/qr/id=F042IZ200xVazeTTbVv2L
1406-43,ファイヤーワークススカート,ポップ,HAPPY RAINBOW,ボトムス,ノーマル,2014,1406,FALSE,https://card.aikatsu.net/cardlist/images/cardlist/cardimg/1406-43.png,http://aikatsu.com/qr/id=F043IZ250mstRHUO0jqyY
1406-44,ファイヤーワークスサンダル,ポップ,HAPPY RAINBOW,シューズ,ノーマル,2014,1406,FALSE,https://card.aikatsu.net/cardlist/images/cardlist/cardimg/1406-44.png,http://aikatsu.com/qr/id=F044IZ300Is15JNgJYwKr
1406-45,カジュアルサマーカーディガン,ポップ,,トップス,ノーマル,2014,1406,FALSE,https://card.aikatsu.net/cardlist/images/cardlist/cardimg/1406-45.png,http://aikatsu.com/qr/id=F045ZZ200H2WbeOubviUE
1406-46,ビタミンオレンジショーパン,ポップ,,ボトムス,ノーマル,2014,1406,FALSE,https://card.aikatsu.net/cardlist/images/cardlist/cardimg/1406-46.png,http://aikatsu.com/qr/id=F046ZZ250TDTzIGTfR54h
1406-47,マドラスチェックスリッポン,ポップ,,シューズ,ノーマル,2014,1406,FALSE,https://card.aikatsu.net/cardlist/images/cardlist/cardimg/1406-47.png,http://aikatsu.com/qr/id=F047ZZ200BJBnULCdaojR
1406-48,プレイングトランプワンピ,ポップ,MAGICAL TOY,トップス&ボトムス,レア,2014,1406,FALSE,https://card.aikatsu.net/cardlist/images/cardlist/cardimg/1406-48.png,http://aikatsu.com/qr/id=F048JZ600TECqt25vlXoY
1406-49,エンジェリージェミニリボン,,,アクセサリー,レア,2014,1406,FALSE,https://card.aikatsu.net/cardlist/images/cardlist/cardimg/1406-49.png,http://aikatsu.com/qr/id=F049ZZ350oElKiRLSBE84
1406-50,スイングジェミニリボン,,,アクセサリー,レア,2014,1406,FALSE,https://card.aikatsu.net/cardlist/images/cardlist/cardimg/1406-50.png,http://aikatsu.com/qr/id=F050ZZ350ZopE1YyRbe60
1406-51,アンダルシアヘアローズ,,,アクセサリー,ノーマル,2014,1406,FALSE,https://card.aikatsu.net/cardlist/images/cardlist/cardimg/1406-51.png,http://aikatsu.com/qr/id=F051ZZ300NRZWHT1u7K76
1406-52,ファインストリートバンダナリボン,,,アクセサリー,ノーマル,2014,1406,FALSE,https://card.aikatsu.net/cardlist/images/cardlist/cardimg/1406-52.png,http://aikatsu.com/qr/id=F052ZZ300kDbwVC1gEHEZ


